1101   ,1102   ,1216   ,1301   ,1303   ,1326   ,1402   ,1722   ,1802   ,2002   ,2105   ,2201   ,2207   ,2301   ,2303   ,2308   ,2311   ,2317   ,2324   ,2325   ,2330   ,2347   ,2353   ,2354   ,2357   ,2382   ,2409   ,2412   ,2454   ,2474   ,2498   ,2801   ,2880   ,2881   ,2882   ,2883   ,2885   ,2886   ,2890   ,2891   ,2892   ,2912   ,3008   ,3045   ,3231   ,3481   ,3673   ,4904   ,5880   ,6505   ,
   24.18,   25.63,   28.16,   66.83,   53.72,   67.23,   25.74,   61.03,   33.18,   23.63,   43.14,   53.96,  166.46,   25.56,   12.02,   61.06,   19.48,   64.82,   22.95,   25.15,   63.99,   48.35,   39.66,   97.94,  184.86,   48.23,   12.42,   64.69,  232.37,  179.81,  574.64,   10.85,    9.79,   24.70,   22.51,    7.42,   12.81,   15.18,    6.18,   10.58,   10.04,  122.28,  580.81,   62.75,   26.00,   13.16,  329.17,   42.69,   10.63,   76.32,
   24.15,   25.32,   28.16,   67.20,   53.94,   67.45,   25.56,   61.18,   33.36,   23.63,   43.20,   53.53,  170.82,   25.30,   11.87,   60.98,   19.58,   64.82,   22.85,   24.90,   63.91,   48.42,   40.06,   98.30,  184.86,   48.77,   12.19,   64.97,  241.17,  185.04,  568.46,   10.85,    9.79,   24.48,   22.51,    7.44,   12.92,   14.71,    6.09,   10.58,    9.90,  122.67,  579.92,   63.24,   25.92,   12.87,  340.32,   43.05,   10.69,   76.00,
   24.02,   25.19,   27.97,   67.20,   53.49,   67.31,   25.56,   61.03,   33.36,   23.44,   43.14,   53.53,  165.67,   24.91,   11.71,   61.37,   19.51,   63.87,   22.65,   24.28,   63.35,   47.83,   39.57,   96.53,  181.32,   47.76,   12.31,   65.32,  239.64,  189.07,  576.40,   10.76,    9.65,   24.34,   22.38,    7.36,   12.84,   14.54,    6.06,   10.55,    9.79,  122.67,  583.48,   62.61,   25.44,   12.95,  336.38,   42.20,   10.61,   75.68,
   23.79,   25.12,   27.37,   67.27,   52.82,   67.45,   24.77,   59.93,   33.36,   23.33,   41.54,   51.81,  164.08,   24.49,   11.60,   61.06,   19.13,   63.55,   22.17,   24.28,   63.03,   48.61,   38.58,   94.07,  181.32,   47.89,   12.31,   64.90,  235.82,  180.22,  556.98,   10.52,    9.62,   23.94,   21.85,    7.19,   12.55,   14.24,    5.93,   10.28,    9.68,  122.67,  573.71,   62.13,   25.30,   13.08,  331.14,   41.98,   10.52,   75.36,
   23.08,   24.47,   27.21,   67.94,   52.52,   68.49,   23.90,   58.45,   33.36,   23.25,   42.07,   51.64,  163.69,   24.68,   11.48,   60.67,   18.89,   63.11,   21.80,   23.70,   63.51,   48.16,   38.31,   91.60,  180.35,   47.35,   12.34,   65.18,  240.41,  180.22,  545.51,   10.46,    9.59,   23.84,   21.75,    7.05,   12.40,   14.00,    5.90,   10.23,    9.66,  122.28,  586.14,   61.92,   25.19,   12.79,  322.61,   41.63,   10.44,   75.04,
   23.08,   24.20,   26.71,   66.83,   51.77,   67.97,   23.76,   57.71,   33.36,   23.02,   42.25,   51.55,  174.78,   25.04,   11.21,   61.91,   19.10,   62.48,   21.57,   23.84,   63.19,   47.63,   37.86,   91.60,  179.38,   47.35,   12.07,   64.83,  243.09,  176.19,  548.16,   10.31,    9.48,   23.44,   21.52,    6.94,   12.28,   13.70,    5.79,   10.20,    9.52,  119.93,  567.49,   62.33,   24.82,   12.70,  316.71,   41.70,   10.36,   74.16,
   23.24,   24.40,   27.12,   66.46,   52.37,   67.60,   24.18,   58.60,   33.50,   23.09,   41.77,   52.07,  175.58,   25.30,   11.33,   62.14,   19.37,   63.87,   22.58,   24.50,   63.67,   48.35,   37.95,   90.54,  178.09,   47.55,   12.15,   64.55,  238.88,  181.42,  546.39,   10.55,    9.65,   23.76,   21.82,    7.13,   12.58,   14.24,    6.01,   10.44,    9.85,  123.84,  563.94,   61.36,   25.09,   13.00,  314.75,   42.55,   10.55,   75.36,
   23.28,   24.81,   26.99,   66.68,   52.22,   67.60,   23.97,   58.67,   32.55,   23.17,   42.01,   52.33,  169.63,   24.85,   11.33,   65.07,   19.61,   64.19,   23.15,   24.86,   63.91,   48.48,   38.76,   90.90,  178.74,   47.55,   12.58,   64.33,  237.35,  181.42,  546.39,   10.43,    9.68,   23.80,   21.78,    7.12,   12.47,   14.31,    5.93,   10.33,    9.82,  123.84,  564.83,   61.36,   25.38,   13.37,  318.02,   42.34,   10.41,   74.96,
   22.79,   24.27,   26.68,   66.46,   51.39,   66.79,   23.66,   57.79,   31.06,   23.09,   41.65,   50.69,  168.05,   23.87,   11.21,   65.07,   19.41,   63.55,   23.25,   25.12,   63.91,   48.09,   37.78,   89.49,  173.90,   47.35,   12.31,   64.12,  231.99,  178.61,  527.85,   10.31,    9.59,   23.73,   21.55,    7.02,   12.25,   14.17,    5.87,   10.20,    9.66,  122.28,  542.62,   60.04,   25.14,   12.95,  309.50,   41.77,   10.36,   74.16,
   22.89,   24.23,   27.18,   67.12,   52.97,   66.94,   24.04,   58.01,   31.56,   23.36,   42.37,   50.86,  179.54,   24.33,   11.64,   65.61,   19.58,   64.82,   23.39,   25.12,   64.95,   48.87,   38.49,   89.49,  178.74,   47.42,   12.46,   64.41,  232.37,  173.78,  551.69,   10.55,    9.82,   24.99,   23.04,    7.21,   12.58,   14.58,    6.18,   10.33,    9.90,  121.88,  541.73,   60.81,   25.65,   13.04,  302.94,   41.63,   10.55,   75.44,
   22.89,   24.27,   27.28,   67.86,   53.87,   67.75,   23.83,   58.60,   32.51,   23.44,   42.96,   51.64,  185.88,   24.62,   11.67,   67.00,   19.96,   65.45,   23.66,   25.55,   66.47,   49.07,   39.03,   91.60,  181.96,   47.22,   12.07,   64.69,  234.28,  176.19,  556.98,   10.55,    9.85,   24.84,   22.61,    7.21,   12.58,   14.81,    6.12,   10.36,    9.90,  126.18,  554.17,   61.78,   25.70,   12.83,  315.40,   42.34,   10.61,   76.56,
   22.82,   24.13,   27.40,   67.57,   53.27,   67.60,   23.49,   59.19,   31.96,   23.40,   42.60,   51.55,  198.17,   24.49,   11.56,   66.77,   20.09,   65.77,   23.29,   25.84,   66.47,   49.20,   38.85,   92.66,  183.90,   47.55,   11.95,   64.12,  240.03,  172.17,  539.33,   10.61,    9.82,   24.88,   22.68,    7.22,   12.70,   14.91,    6.23,   10.44,   10.01,  125.79,  544.40,   61.08,   25.81,   12.62,  312.12,   41.98,   10.61,   76.48,
   23.37,   24.06,   26.74,   66.46,   51.84,   66.79,   23.55,   59.48,   31.87,   23.09,   42.31,   51.47,  198.96,   24.10,   11.48,   67.23,   19.79,   66.08,   23.42,   25.33,   64.79,   48.22,   38.45,   90.90,  179.38,   47.01,   12.19,   63.77,  236.58,  174.18,  538.45,   10.61,    9.82,   24.70,   22.81,    7.17,   12.73,   14.54,    6.06,   10.23,    9.82,  122.67,  551.50,   60.39,   25.38,   12.83,  322.94,   41.48,   10.41,   74.80,
   23.05,   24.06,   26.68,   66.09,   50.87,   64.79,   23.52,   59.93,   31.60,   23.17,   42.37,   51.21,  188.66,   24.49,   11.44,   68.16,   19.82,   65.77,   23.32,   25.59,   66.87,   48.35,   37.82,   88.43,  180.99,   47.22,   12.03,   64.05,  235.05,  168.55,  547.27,   10.55,    9.82,   24.88,   23.24,    7.10,   12.47,   14.41,    6.06,   10.36,    9.93,  123.06,  543.51,   60.74,   24.98,   12.87,  317.37,   41.34,   10.55,   73.68,
   22.79,   23.99,   26.80,   65.65,   50.04,   63.31,   23.55,   58.45,   32.15,   23.06,   41.95,   50.86,  181.92,   24.36,   11.52,   67.54,   19.61,   64.50,   23.42,   25.33,   66.47,   47.76,   36.84,   85.96,  181.96,   47.69,   11.91,   63.56,  232.75,  168.95,  538.45,   10.40,    9.73,   24.52,   22.58,    7.04,   12.28,   14.31,    5.98,   10.23,    9.79,  125.40,  534.63,   61.02,   25.06,   12.83,  318.02,   40.77,   10.50,   73.12,
   22.82,   24.13,   26.99,   64.32,   49.14,   62.64,   23.45,   57.57,   32.33,   23.13,   42.13,   50.26,  178.75,   24.20,   11.52,   70.40,   19.68,   64.82,   22.98,   24.64,   67.83,   48.03,   36.39,   87.37,  180.67,   47.28,   11.99,   63.56,  231.60,  164.93,  551.69,   10.40,    9.68,   24.48,   22.31,    6.99,   12.13,   14.44,    6.01,   10.25,    9.74,  125.79,  531.97,   61.29,   25.27,   12.66,  315.07,   42.12,   10.44,   74.48,
   23.02,   24.91,   27.15,   65.79,   50.42,   62.94,   23.66,   57.86,   32.33,   23.09,   42.31,   50.86,  189.45,   24.29,   11.75,   69.93,   19.79,   66.40,   23.49,   25.33,   68.07,   47.89,   36.84,   87.37,  180.99,   48.64,   11.91,   64.26,  229.69,  175.79,  549.04,   10.49,    9.68,   24.70,   22.64,    7.11,   12.21,   14.61,    6.18,   10.47,    9.82,  126.57,  534.63,   61.57,   25.44,   12.58,  319.34,   43.12,   10.55,   74.40,
   22.89,   24.98,   27.24,   64.76,   50.42,   62.94,   23.83,   58.53,   31.96,   23.13,   42.90,   51.72,  184.69,   24.46,   11.71,   69.47,   19.92,   67.03,   22.92,   25.12,   68.23,   47.44,   37.37,   88.08,  183.57,   48.37,   11.52,   64.33,  226.63,  174.99,  555.22,   10.61,    9.76,   24.81,   22.84,    7.12,   12.21,   14.78,    6.15,   10.52,    9.90,  125.79,  543.51,   61.57,   25.44,   12.16,  322.61,   41.98,   10.58,   74.48,
   22.07,   24.37,   26.77,   62.55,   48.77,   61.09,   23.28,   57.64,   30.61,   22.94,   42.37,   51.47,  179.14,   23.65,   11.44,   67.16,   19.72,   67.03,   23.02,   24.86,   66.79,   47.18,   36.57,   86.32,  180.67,   47.08,   11.09,   63.77,  226.63,  168.15,  558.75,   10.37,    9.57,   24.23,   22.18,    6.96,   11.98,   14.37,    5.95,   10.39,    9.74,  125.01,  542.62,   61.64,   24.95,   11.40,  319.34,   42.41,   10.38,   72.80,
   22.20,   24.64,   27.15,   62.84,   50.04,   62.34,   23.76,   58.30,   30.93,   23.09,   42.66,   51.90,  191.43,   23.84,   11.60,   69.09,   20.20,   68.30,   23.25,   25.55,   68.55,   47.50,   36.70,   87.73,  181.32,   48.37,   11.24,   64.19,  225.86,  166.54,  556.98,   10.40,    9.65,   24.45,   22.44,    7.03,   12.17,   14.41,    6.01,   10.39,    9.82,  126.57,  540.85,   62.06,   24.63,   11.40,  317.37,   41.98,   10.47,   74.48,
   22.46,   24.78,   26.68,   63.21,   49.97,   62.34,   23.55,   57.93,   30.02,   23.09,   42.19,   50.52,  187.47,   23.87,   11.60,   68.70,   20.30,   71.46,   22.95,   25.73,   68.31,   47.44,   36.70,   86.32,  180.99,   48.57,   11.28,   64.41,  219.35,  170.96,  556.10,   10.34,    9.57,   24.23,   22.35,    6.96,   12.10,   14.34,    5.93,   10.39,    9.77,  126.96,  539.96,   62.75,   24.55,   12.20,  320.65,   42.34,   10.44,   74.32,
   22.33,   24.61,   25.82,   63.58,   49.74,   62.49,   23.55,   56.46,   30.43,   22.90,   42.01,   48.20,  187.07,   23.00,   11.29,   67.16,   19.85,   73.35,   22.58,   25.95,   67.19,   47.44,   35.18,   84.91,  179.38,   48.91,   10.77,   63.98,  209.78,  165.33,  529.62,   10.16,    9.43,   23.80,   21.98,    6.73,   11.42,   14.21,    5.76,    9.99,    9.55,  126.18,  506.21,   62.13,   23.93,   11.61,  304.25,   41.63,   10.13,   74.08,
   22.43,   24.57,   25.85,   64.17,   50.04,   63.83,   23.66,   56.38,   30.02,   23.21,   42.01,   48.54,  188.66,   23.16,   11.10,   66.77,   20.40,   72.41,   22.38,   26.06,   67.83,   47.89,   35.05,   85.96,  179.70,   52.29,   10.73,   64.05,  216.29,  167.75,  526.97,   10.22,    9.48,   23.91,   22.18,    6.74,   11.50,   14.04,    5.90,    9.96,    9.60,  128.13,  515.09,   62.40,   23.93,   11.53,  313.11,   43.05,   10.27,   73.68,
   22.20,   24.98,   25.85,   62.91,   48.99,   63.16,   23.52,   56.61,   28.80,   22.86,   40.94,   45.61,  191.43,   23.26,   10.91,   65.15,   20.58,   70.19,   22.71,   25.48,   67.99,   47.89,   35.13,   82.79,  178.74,   52.22,   11.01,   64.05,  211.70,  163.32,  518.14,   10.09,    9.43,   23.66,   21.85,    6.64,   11.23,   14.07,    5.82,    9.96,    9.49,  129.70,  495.55,   63.24,   24.23,   11.53,  310.48,   43.12,   10.13,   74.32,
   22.33,   24.98,   26.04,   64.02,   49.22,   63.38,   23.62,   54.17,   28.85,   22.98,   39.88,   44.93,  188.66,   23.00,   11.02,   64.84,   20.85,   69.56,   22.55,   26.57,   67.91,   47.89,   34.69,   79.27,  175.51,   51.21,   10.85,   63.98,  212.08,  160.10,  489.90,   10.09,    9.43,   23.55,   21.55,    6.47,   11.12,   14.41,    5.73,    9.85,    9.47,  128.92,  472.46,   63.31,   23.31,   11.49,  289.83,   43.12,   10.16,   74.80,
   22.24,   24.61,   25.79,   62.62,   46.52,   63.08,   23.14,   52.40,   28.08,   22.56,   40.00,   44.15,  175.58,   22.32,   10.79,   66.77,   20.37,   70.19,   22.01,   25.37,   66.39,   47.37,   34.24,   75.75,  173.25,   50.94,   11.36,   63.77,  210.17,  164.93,  502.26,    9.88,    9.17,   23.01,   21.12,    6.26,   10.75,   14.24,    5.53,    9.61,    9.22,  124.62,  471.58,   61.78,   23.42,   11.74,  280.32,   42.55,    9.91,   73.44,
   22.40,   24.61,   25.73,   62.32,   46.07,   63.16,   23.14,   53.73,   28.80,   22.44,   40.59,   45.27,  171.22,   22.41,   10.75,   65.30,   20.23,   70.19,   21.87,   25.70,   66.95,   47.70,   35.13,   79.62,  178.09,   50.80,   11.36,   63.91,  213.61,  167.34,  516.38,    9.88,    9.23,   23.01,   21.12,    6.55,   10.90,   14.21,    5.54,    9.66,    9.22,  125.79,  504.44,   61.50,   23.18,   11.74,  294.42,   41.84,    9.91,   71.44,
   22.40,   24.50,   25.47,   62.77,   45.84,   62.94,   22.86,   53.14,   27.99,   22.32,   40.35,   43.89,  159.33,   22.45,   10.64,   64.30,   19.96,   69.24,   21.91,   25.23,   66.31,   47.44,   35.00,   77.51,  173.57,   49.38,   10.93,   63.98,  209.02,  162.92,  481.07,    9.79,    9.09,   23.01,   20.66,    6.31,   10.79,   14.04,    5.45,    9.56,    9.09,  124.23,  494.67,   62.26,   22.85,   11.44,  286.88,   41.63,    9.77,   68.64,
   22.63,   24.74,   25.95,   63.14,   46.22,   62.94,   23.00,   53.43,   28.85,   22.36,   40.29,   43.55,  162.50,   22.19,   10.87,   64.76,   19.96,   69.56,   22.24,   25.33,   65.51,   47.05,   34.55,   77.86,  174.54,   50.94,   11.56,   63.77,  210.93,  161.71,  464.30,    9.85,    9.15,   23.12,   20.79,    6.35,   10.86,   14.14,    5.54,    9.69,    9.20,  124.62,  485.79,   61.57,   23.34,   11.82,  288.52,   42.69,    9.75,   70.56,
   22.63,   24.74,   25.79,   62.77,   45.54,   62.57,   22.79,   53.29,   29.17,   22.21,   40.29,   43.63,  158.53,   22.22,   11.02,   64.61,   19.92,   71.77,   22.55,   25.23,   65.83,   47.37,   34.11,   76.45,  174.86,   50.46,   11.44,   63.70,  212.08,  164.13,  459.00,    9.79,    9.12,   23.01,   20.56,    6.23,   10.75,   14.37,    5.47,    9.61,    9.17,  125.79,  479.57,   61.43,   23.66,   11.61,  293.44,   44.47,    9.66,   71.04,
   22.85,   24.61,   25.66,   63.14,   45.32,   61.83,   22.69,   52.92,   28.85,   22.17,   40.35,   43.46,  158.14,   22.22,   10.83,   65.07,   19.72,   72.09,   22.51,   25.15,   65.99,   47.24,   34.02,   77.51,  174.86,   50.33,   11.48,   63.70,  212.85,  166.54,  459.00,    9.82,    9.15,   23.12,   20.69,    6.16,   10.97,   14.31,    5.52,    9.77,    9.20,  124.62,  495.55,   61.43,   23.69,   11.57,  300.32,   44.12,    9.63,   69.28,
   23.24,   24.98,   26.11,   63.80,   45.99,   62.42,   23.35,   54.84,   28.89,   22.36,   41.18,   43.81,  160.12,   22.32,   11.10,   68.70,   20.40,   72.41,   22.78,   25.81,   67.83,   47.44,   35.00,   78.57,  178.74,   50.33,   11.95,   63.84,  213.99,  172.57,  469.60,    9.97,    9.23,   23.30,   21.09,    6.23,   11.16,   14.41,    5.62,    9.77,    9.28,  124.23,  508.88,   61.43,   23.90,   11.82,  301.96,   44.19,    9.80,   69.36,
   23.11,   24.68,   26.55,   62.40,   45.24,   61.53,   23.14,   54.32,   28.80,   22.29,   41.65,   43.46,  153.78,   22.15,   10.94,   68.78,   20.20,   72.41,   22.51,   25.33,   67.83,   47.24,   34.02,   76.80,  177.12,   51.00,   11.64,   63.63,  215.91,  172.98,  456.35,    9.85,    9.15,   23.04,   20.83,    6.12,   10.82,   14.44,    5.52,    9.66,    9.22,  123.45,  506.21,   61.85,   23.42,   11.65,  298.35,   44.40,    9.63,   68.72,
   22.79,   24.54,   26.33,   61.59,   44.87,   61.16,   22.97,   52.99,   28.76,   22.17,   41.12,   42.17,  143.47,   21.99,   10.91,   66.69,   19.85,   69.56,   21.03,   25.04,   66.95,   47.05,   32.72,   72.93,  175.51,   50.33,   11.20,   63.42,  209.78,  163.72,  428.11,    9.73,    9.03,   22.76,   20.53,    5.97,   10.67,   14.48,    5.43,    9.56,    9.20,  123.06,  487.56,   61.92,   22.56,   11.32,  279.01,   46.25,    9.52,   68.56,
   23.24,   24.50,   26.45,   62.32,   45.24,   61.97,   22.83,   53.29,   28.35,   22.13,   41.36,   40.97,  149.02,   22.25,   10.87,   67.16,   20.16,   68.30,   21.84,   25.41,   67.91,   46.52,   32.40,   70.81,  181.32,   51.14,   11.13,   63.07,  212.46,  160.91,  423.70,    9.85,    9.03,   22.58,   20.46,    5.93,   10.71,   14.61,    5.41,    9.61,    9.25,  123.45,  497.33,   62.47,   22.61,   11.32,  273.11,   46.18,    9.52,   69.12,
   23.37,   25.02,   26.71,   62.77,   45.54,   62.71,   23.21,   53.06,   27.86,   22.29,   41.77,   42.04,  150.61,   22.32,   11.14,   69.47,   20.16,   66.71,   22.11,   25.12,   68.55,   45.48,   32.14,   69.83,  183.57,   51.88,   11.24,   62.22,  211.70,  159.70,  407.81,    9.94,    9.15,   22.29,   20.60,    5.99,   10.71,   14.81,    5.54,    9.77,    9.39,  123.45,  504.44,   63.24,   22.69,   11.36,  273.44,   45.54,    9.63,   69.68,
   22.98,   24.88,   26.61,   62.18,   44.87,   62.12,   23.14,   52.92,   27.45,   22.09,   41.95,   40.88,  148.23,   21.89,   11.21,   69.70,   19.75,   65.13,   22.28,   24.61,   67.35,   44.17,   31.64,   67.29,  176.15,   51.95,   11.17,   61.73,  199.06,  148.84,  407.81,    9.70,    9.06,   22.11,   20.43,    5.63,   10.64,   14.51,    5.49,    9.66,    9.31,  123.06,  497.33,   62.82,   22.48,   11.23,  254.42,   45.11,    9.58,   68.88,
   22.79,   24.68,   26.58,   62.03,   45.32,   62.57,   23.14,   52.03,   26.95,   22.17,   42.48,   40.28,  143.08,   22.28,   11.56,   69.09,   19.89,   63.17,   22.78,   24.35,   67.35,   44.76,   30.70,   69.34,  180.35,   51.82,   10.85,   62.22,  199.45,  152.86,  417.52,    9.76,    9.15,   22.15,   20.30,    5.54,   10.56,   15.01,    5.48,    9.66,    9.39,  123.45,  463.58,   63.58,   22.64,   10.73,  246.55,   45.47,    9.75,   69.84,
   22.66,   24.61,   26.68,   60.48,   45.39,   61.90,   22.86,   52.18,   26.64,   22.21,   41.83,   39.33,  144.27,   22.58,   11.33,   70.24,   19.51,   65.45,   22.88,   24.17,   67.59,   44.76,   29.72,   71.17,  178.09,   51.61,   10.58,   63.21,  197.53,  157.69,  422.37,    9.70,    9.12,   21.97,   20.27,    5.63,   10.45,   15.01,    5.44,    9.58,    9.33,  123.84,  482.23,   64.56,   22.93,   10.48,  249.17,   46.89,    9.77,   70.64,
   22.40,   24.91,   26.64,   61.59,   45.09,   62.20,   22.86,   52.10,   26.95,   22.21,   41.83,   39.59,  146.64,   23.22,   11.44,   71.01,   19.85,   67.03,   22.75,   25.26,   67.27,   44.76,   30.35,   72.93,  185.19,   51.21,   11.01,   63.77,  201.36,  157.69,  415.31,    9.76,    9.23,   22.40,   20.56,    5.64,   10.41,   14.91,    5.53,    9.58,    9.49,  124.23,  476.90,   63.86,   23.45,   10.98,  252.45,   46.04,    9.77,   70.24,
   22.27,   24.95,   26.90,   61.95,   45.09,   62.34,   22.97,   52.25,   26.95,   22.32,   42.25,   39.59,  149.02,   22.90,   11.48,   68.70,   19.44,   65.77,   21.97,   24.53,   67.11,   45.15,   29.94,   70.46,  185.83,   50.67,   10.73,   63.84,  196.77,  154.87,  399.86,    9.79,    9.20,   22.11,   20.33,    5.63,   10.41,   15.08,    5.51,    9.64,    9.47,  124.23,  476.02,   64.21,   23.26,   10.69,  249.17,   45.26,    9.83,   70.72,
   21.98,   24.50,   27.78,   62.32,   45.54,   62.71,   22.93,   51.96,   26.28,   22.32,   42.31,   39.68,  141.49,   22.77,   11.75,   65.69,   19.65,   62.79,   22.31,   24.90,   68.71,   45.41,   30.30,   68.98,  190.03,   50.12,   10.54,   64.33,  184.13,  146.83,  375.15,    9.82,    9.17,   22.11,   20.43,    5.56,   10.49,   15.18,    5.50,    9.69,    9.47,  123.45,  442.71,   65.04,   22.88,   10.40,  232.13,   45.26,    9.86,   72.32,
   22.63,   24.03,   28.76,   61.29,   45.17,   62.71,   22.83,   51.66,   26.28,   22.36,   43.08,   40.28,  147.44,   23.13,   11.75,   67.00,   20.30,   58.43,   22.65,   25.23,   69.35,   44.76,   29.99,   72.58,  190.35,   51.95,   10.30,   64.41,  193.71,  150.45,  391.04,    9.82,    9.09,   21.89,   20.40,    5.54,   10.49,   15.55,    5.51,   10.01,    9.47,  122.67,  412.07,   65.39,   23.58,   10.14,  236.06,   45.18,    9.97,   72.80,
   23.08,   24.40,   29.17,   61.29,   45.54,   62.86,   23.28,   52.69,   27.81,   22.52,   43.61,   42.04,  148.23,   23.78,   11.94,   71.63,   20.78,   56.66,   23.99,   26.03,   70.62,   45.93,   31.33,   75.39,  203.58,   54.93,   10.77,   63.98,  204.42,  160.91,  417.07,   10.03,    9.31,   22.51,   20.93,    5.66,   10.56,   15.42,    5.68,   10.12,    9.68,  123.06,  440.49,   65.25,   24.17,   10.77,  252.45,   45.97,   10.16,   73.44,
   23.15,   24.44,   28.73,   61.66,   45.17,   62.05,   23.21,   52.47,   27.45,   22.40,   43.31,   42.60,  151.40,   23.78,   11.94,   74.10,   20.61,   56.91,   23.89,   25.37,   71.02,   45.02,   31.15,   74.34,  199.71,   54.93,   10.85,   64.19,  203.28,  159.30,  398.98,   10.00,    9.29,   22.07,   20.99,    5.63,   10.45,   15.15,    5.79,   10.12,    9.55,  126.57,  419.18,   65.60,   24.06,   10.90,  250.16,   46.11,   10.13,   72.88,
   23.34,   24.37,   29.30,   61.51,   45.62,   62.71,   23.38,   52.99,   27.59,   22.48,   43.85,   43.55,  154.17,   24.07,   11.71,   73.72,   20.33,   56.91,   23.62,   25.12,   69.98,   45.09,   31.64,   75.75,  205.19,   58.24,   11.01,   64.48,  207.49,  162.92,  416.19,   10.06,    9.40,   22.25,   20.89,    5.83,   10.56,   15.11,    5.84,   10.17,    9.63,  127.74,  426.28,   65.39,   24.33,   10.94,  253.76,   46.18,   10.16,   72.40,
   22.95,   24.06,   28.54,   59.37,   44.64,   60.79,   22.72,   52.18,   26.73,   22.13,   43.31,   43.12,  151.40,   23.52,   11.14,   72.25,   20.23,   55.96,   23.32,   24.64,   68.39,   44.95,   30.39,   73.63,  200.35,   54.79,   10.73,   63.77,  209.40,  154.07,  398.10,    9.82,    9.20,   21.86,   20.33,    5.69,   10.26,   15.05,    5.59,    9.90,    9.44,  125.01,  423.62,   64.76,   23.80,   10.56,  250.49,   45.18,    9.94,   69.28,
   22.76,   23.96,   30.03,   59.07,   45.32,   61.16,   21.82,   52.62,   26.68,   22.09,   43.85,   43.46,  150.61,   23.81,   11.33,   72.94,   20.27,   55.96,   23.05,   24.97,   67.43,   45.74,   30.48,   73.63,  209.71,   55.40,   10.50,   64.19,  202.89,  156.89,  397.21,    9.79,    9.26,   21.71,   20.53,    5.73,   10.22,   15.05,    5.59,   10.01,    9.36,  124.62,  420.51,   64.76,   23.96,   10.48,  244.58,   46.04,    9.86,   69.84,
   22.72,   23.79,   29.55,   58.63,   44.42,   60.12,   21.96,   52.33,   26.05,   21.94,   42.84,   42.56,  145.85,   23.09,   11.10,   72.17,   19.99,   55.21,   22.41,   24.24,   67.59,   46.13,   29.81,   72.93,  202.29,   54.66,   10.30,   63.56,  202.89,  158.09,  399.42,    9.73,    9.12,   21.50,   20.07,    5.65,   10.00,   14.71,    5.49,    9.85,    9.28,  124.62,  427.17,   64.49,   22.99,   10.23,  243.27,   45.90,    9.75,   69.68,
   22.76,   23.92,   30.16,   58.71,   44.42,   59.23,   22.17,   52.33,   26.05,   21.86,   42.54,   42.26,  146.25,   23.55,   11.17,   71.79,   20.03,   55.46,   22.75,   24.39,   68.15,   46.26,   28.82,   72.22,  201.96,   54.12,   10.26,   63.00,  202.13,  155.28,  396.33,    9.79,    9.23,   21.71,   19.94,    5.63,   10.04,   14.98,    5.54,   10.01,    9.39,  125.40,  435.16,   65.32,   22.83,   10.23,  239.34,   45.97,    9.88,   71.28,
   22.37,   23.72,   29.49,   57.82,   43.44,   58.49,   21.89,   52.18,   25.60,   21.82,   42.66,   41.31,  146.25,   23.39,   11.29,   72.48,   20.06,   54.64,   22.14,   24.53,   68.31,   46.20,   28.64,   68.70,  193.25,   54.99,   10.26,   63.42,  201.36,  149.64,  379.56,    9.67,    9.12,   21.50,   19.74,    5.48,    9.85,   14.41,    5.43,    9.90,    9.22,  123.45,  419.18,   66.57,   22.96,   10.02,  233.11,   46.11,    9.77,   70.08,
   22.07,   23.55,   29.71,   57.60,   42.54,   58.27,   22.20,   51.81,   25.64,   21.82,   42.19,   41.05,  141.89,   23.52,   11.29,   73.25,   19.79,   54.95,   22.38,   24.53,   68.23,   45.93,   28.73,   67.64,  198.42,   54.12,   10.18,   63.42,  202.13,  148.84,  375.15,    9.67,    9.06,   21.50,   19.70,    5.50,    9.70,   14.58,    5.44,    9.88,    9.22,  125.40,  412.96,   66.98,   22.91,   10.14,  236.06,   47.67,    9.80,   69.52,
   21.26,   23.27,   29.08,   57.60,   42.47,   58.49,   22.38,   51.51,   25.91,   21.75,   42.72,   41.31,  144.27,   23.35,   11.10,   73.49,   19.68,   54.00,   22.21,   24.21,   68.31,   46.26,   28.06,   66.73,  200.03,   55.81,    9.95,   64.41,  205.96,  153.67,  388.39,    9.61,    9.06,   21.18,   19.54,    5.42,    9.44,   14.61,    5.36,    9.69,    9.20,  124.23,  441.82,   67.96,   22.59,    9.81,  244.91,   48.60,    9.75,   70.96,
   20.97,   22.66,   28.67,   56.86,   42.39,   59.01,   22.17,   50.63,   25.64,   21.55,   42.54,   40.28,  137.92,   22.80,   10.60,   69.93,   19.54,   52.36,   21.03,   23.15,   66.63,   45.09,   27.48,   67.01,  189.70,   54.52,    9.75,   63.63,  200.60,  144.82,  362.79,    9.37,    8.89,   20.92,   19.04,    5.39,    9.36,   14.14,    5.20,    9.29,    9.12,  121.88,  447.60,   67.89,   21.94,   10.02,  242.62,   48.74,    9.55,   68.08,
   21.20,   23.31,   28.67,   57.89,   43.07,   59.16,   22.24,   52.33,   25.87,   21.67,   43.85,   41.57,  142.68,   23.71,   10.75,   69.47,   19.37,   54.19,   22.24,   23.22,   67.99,   44.89,   28.78,   70.81,  197.12,   55.94,   10.10,   64.12,  208.64,  148.84,  365.44,    9.55,    9.03,   21.46,   19.24,    5.54,    9.70,   14.51,    5.39,    9.26,    9.28,  122.67,  478.68,   67.19,   22.53,   10.69,  259.34,   49.24,    9.69,   68.64,
   20.78,   22.73,   29.14,   57.30,   42.92,   57.75,   21.72,   50.55,   25.24,   21.55,   43.02,   40.62,  139.91,   23.03,   10.18,   68.08,   18.89,   52.61,   21.30,   22.68,   65.35,   43.91,   27.12,   68.35,  190.99,   52.56,    9.51,   63.63,  200.60,  139.59,  353.52,    9.31,    8.86,   20.89,   18.98,    5.44,    9.36,   14.00,    5.26,    9.02,    9.09,  123.06,  484.01,   66.57,   21.78,   10.10,  248.19,   48.46,    9.50,   66.55,
   21.07,   22.73,   29.14,   58.04,   42.92,   57.98,   21.96,   50.63,   25.33,   21.71,   42.84,   41.05,  143.47,   23.03,   10.18,   69.55,   18.75,   52.61,   21.57,   22.68,   65.91,   44.04,   27.39,   69.05,  191.96,   55.40,    9.55,   63.98,  200.60,  137.58,  359.26,    9.34,    8.98,   20.92,   19.14,    5.54,    9.40,   14.17,    5.33,    9.15,    9.14,  122.28,  495.55,   67.68,   21.83,   10.35,  252.45,   48.17,    9.63,   66.63,
   21.23,   22.80,   29.05,   58.48,   43.44,   58.64,   22.07,   51.22,   25.37,   21.71,   42.66,   42.17,  143.47,   22.93,   10.25,   70.24,   19.24,   55.14,   21.57,   22.86,   65.67,   44.37,   27.57,   70.46,  193.25,   54.93,    9.71,   64.41,  200.98,  143.61,  380.88,    9.43,    8.98,   21.00,   19.28,    5.51,    9.55,   14.27,    5.42,    9.26,    9.14,  122.67,  499.11,   67.33,   22.07,   10.48,  265.24,   48.17,    9.69,   66.87,
   21.36,   22.69,   29.02,   58.34,   42.39,   57.98,   21.61,   49.60,   24.88,   21.55,   42.25,   41.57,  143.08,   22.38,    9.79,   67.93,   19.03,   55.02,   21.03,   22.42,   63.19,   44.24,   26.54,   70.81,  182.93,   52.63,    9.32,   64.33,  193.71,  143.61,  372.94,    9.28,    8.84,   20.71,   18.81,    5.28,    9.40,   13.80,    5.32,    9.05,    8.98,  121.49,  493.78,   66.64,   21.40,   10.19,  267.21,   48.24,    9.55,   66.07,
   21.23,   23.00,   28.76,   58.26,   41.72,   58.20,   21.44,   49.23,   24.97,   21.55,   42.42,   41.27,  143.47,   22.06,    9.64,   64.30,   18.58,   53.94,   21.16,   21.91,   64.39,   44.30,   26.41,   69.12,  182.93,   52.69,    9.36,   64.41,  196.39,  145.22,  379.56,    9.22,    8.86,   20.46,   18.91,    5.21,    9.51,   13.43,    5.31,    8.72,    8.90,  121.10,  500.88,   67.61,   21.05,   10.10,  264.26,   49.17,    9.58,   66.79,
   21.10,   23.24,   28.57,   58.04,   41.19,   58.42,   20.16,   48.34,   24.52,   21.48,   42.37,   41.14,  143.47,   22.09,    9.68,   63.84,   18.48,   53.18,   21.16,   21.18,   63.91,   44.24,   26.41,   68.63,  184.54,   51.07,    9.32,   64.26,  194.85,  142.00,  364.55,    9.15,    8.81,   20.46,   18.95,    5.17,    9.62,   13.36,    5.22,    8.64,    8.90,  119.15,  503.55,   67.33,   20.08,    9.98,  259.99,   49.17,    9.52,   67.27,
   21.13,   23.51,   28.80,   58.48,   41.64,   59.01,   20.26,   49.23,   24.70,   21.44,   42.31,   40.88,  144.27,   22.45,    9.75,   63.68,   18.96,   54.00,   20.86,   21.88,   65.19,   44.17,   26.85,   70.46,  184.86,   50.87,    9.51,   64.05,  198.30,  145.62,  366.32,    9.28,    8.92,   20.60,   19.14,    5.28,    9.92,   13.67,    5.31,    8.75,    9.06,  121.10,  494.67,   66.64,   19.95,   10.06,  264.26,   49.45,    9.63,   67.19,
   22.20,   24.06,   29.97,   59.81,   41.87,   59.38,   20.92,   51.00,   25.78,   21.75,   43.02,   43.72,  154.17,   23.35,   10.21,   66.00,   19.13,   56.60,   21.43,   23.15,   65.75,   44.43,   27.97,   75.39,  197.77,   53.51,    9.87,   64.05,  208.64,  152.86,  381.33,    9.52,    9.06,   21.14,   19.80,    5.42,   10.37,   14.07,    5.54,    9.21,    9.31,  122.67,  517.76,   65.32,   20.43,   10.52,  280.32,   48.32,    9.80,   68.80,
   22.50,   24.37,   29.14,   57.82,   39.84,   57.61,   21.16,   51.22,   25.28,   21.59,   43.02,   44.32,  150.21,   24.39,   10.25,   64.53,   19.13,   56.22,   21.23,   23.41,   65.27,   44.04,   28.20,   74.69,  194.87,   53.71,    9.87,   63.42,  204.42,  151.25,  374.26,    9.34,    8.86,   20.74,   19.24,    5.34,   10.04,   14.07,    5.76,    8.97,    9.14,  120.71,  501.77,   64.76,   21.19,   10.86,  289.83,   46.47,    9.63,   66.79,
   21.91,   24.37,   28.42,   57.67,   39.31,   58.49,   20.92,   51.22,   25.24,   21.55,   42.66,   44.49,  154.97,   24.78,   10.06,   64.22,   19.41,   55.33,   20.76,   23.66,   67.99,   43.58,   27.35,   75.75,  192.93,   52.76,    9.59,   63.56,  202.13,  152.46,  379.56,    9.40,    9.20,   21.32,   19.31,    5.62,    9.85,   13.97,    6.15,    8.94,    9.44,  123.06,  500.88,   65.60,   20.38,   10.52,  291.80,   47.25,    9.77,   65.27,
   21.85,   24.03,   28.38,   56.93,   38.64,   57.01,   20.51,   50.19,   24.65,   21.32,   42.48,   42.34,  147.83,   23.78,    9.64,   63.68,   18.89,   53.94,   19.88,   22.35,   63.83,   43.52,   26.90,   71.87,  184.54,   51.68,    9.36,   63.42,  197.15,  146.43,  365.44,    9.19,    8.89,   20.56,   18.95,    5.35,    9.62,   13.60,    5.73,    8.70,    9.12,  121.49,  475.13,   65.60,   20.19,   10.23,  271.47,   47.67,    9.55,   65.67,
   21.52,   23.82,   28.29,   56.86,   38.71,   56.64,   19.88,   49.00,   24.42,   21.17,   41.12,   41.87,  142.28,   23.32,    9.10,   59.28,   18.31,   51.85,   19.51,   21.55,   61.12,   43.12,   26.32,   67.29,  181.32,   51.75,    8.73,   63.21,  187.58,  143.21,  341.60,    8.85,    8.75,   19.95,   18.48,    5.17,    9.29,   13.06,    5.62,    8.32,    8.90,  120.32,  469.80,   65.39,   19.20,    9.52,  253.11,   48.32,    9.41,   65.67,
   21.55,   24.23,   29.40,   56.42,   39.16,   55.90,   20.30,   49.23,   24.70,   21.59,   42.37,   43.38,  151.40,   23.22,    9.06,   60.98,   18.24,   51.98,   19.21,   21.73,   62.47,   43.39,   28.15,   68.63,  187.77,   52.22,    8.89,   63.42,  194.47,  147.23,  347.34,    9.03,    8.86,   20.31,   18.75,    5.25,    9.55,   13.50,    6.01,    8.59,    9.03,  120.32,  489.34,   65.53,   19.63,    9.60,  270.81,   47.53,    9.58,   65.59,
   22.17,   24.33,   29.27,   56.79,   39.46,   55.98,   20.47,   49.23,   24.92,   21.71,   42.42,   43.55,  152.19,   23.35,    9.10,   62.06,   18.03,   52.36,   19.38,   21.91,   62.16,   43.45,   27.75,   71.52,  192.61,   51.95,    9.16,   63.91,  197.15,  152.86,  358.38,    9.09,    8.86,   20.31,   18.81,    5.36,    9.74,   13.57,    5.95,    8.64,    9.12,  119.15,  503.55,   65.60,   19.52,    9.64,  289.50,   46.96,    9.55,   66.39,
   22.40,   24.57,   29.36,   56.49,   39.99,   55.75,   20.65,   50.19,   25.24,   21.67,   42.19,   43.03,  149.02,   23.78,    9.14,   65.23,   17.83,   53.06,   19.75,   21.80,   63.75,   43.71,   27.17,   71.52,  187.77,   53.30,    9.20,   63.98,  199.45,  150.05,  333.66,    9.28,    8.95,   20.71,   19.04,    5.30,    9.70,   13.80,    6.01,    8.86,    9.09,  119.54,  500.88,   65.53,   20.06,    9.60,  292.12,   47.18,    9.61,   64.87,
   22.40,   24.57,   29.36,   54.87,   38.56,   54.64,   20.09,   49.89,   24.02,   21.55,   42.37,   43.03,  147.04,   23.32,    9.22,   63.68,   17.90,   51.66,   19.78,   21.18,   62.24,   43.91,   26.50,   71.87,  185.19,   52.09,    8.85,   63.56,  194.47,  152.06,  310.71,    9.28,    8.98,   20.56,   18.88,    5.32,    9.74,   14.00,    5.93,    8.94,    9.06,  120.71,  498.22,   64.97,   19.95,    9.56,  295.07,   47.25,    9.58,   62.79,
   22.37,   24.88,   29.81,   55.75,   39.91,   55.90,   20.09,   50.41,   24.15,   21.79,   42.42,   44.67,  151.40,   23.94,    9.29,   66.00,   17.59,   52.99,   19.34,   21.84,   64.23,   45.61,   27.12,   75.39,  189.06,   54.99,    9.40,   64.12,  197.53,  155.28,  306.30,    9.34,    9.06,   21.00,   19.28,    5.37,   10.07,   14.34,    6.06,    9.07,    9.22,  120.71,  508.88,   65.18,   20.30,    9.89,  288.52,   47.39,    9.66,   64.15,
   22.33,   24.88,   29.65,   55.60,   39.99,   55.24,   20.13,   49.74,   22.94,   21.55,   42.13,   44.32,  151.40,   23.68,    9.41,   66.00,   17.28,   52.17,   18.94,   21.37,   63.43,   45.22,   27.48,   74.34,  186.80,   54.72,    9.32,   63.77,  195.24,  151.25,  304.53,    9.25,    9.09,   20.74,   18.98,    5.30,    9.89,   14.27,    6.06,    8.94,    9.12,  119.54,  506.21,   65.18,   20.22,    9.93,  287.86,   47.46,    9.55,   63.75,
   22.07,   24.88,   29.27,   55.38,   40.44,   54.94,   19.81,   49.00,   21.94,   21.48,   42.54,   44.41,  151.80,   23.74,    9.45,   69.09,   17.28,   51.85,   18.54,   21.44,   63.91,   45.61,   27.30,   73.99,  188.74,   53.84,    9.36,   63.70,  197.53,  151.66,  308.94,    9.40,    9.06,   20.64,   19.04,    5.32,    9.85,   14.58,    6.12,    8.86,    9.22,  120.32,  505.32,   65.80,   20.41,    9.89,  286.55,   46.89,    9.50,   63.27,
   22.07,   24.85,   29.68,   54.42,   41.49,   54.50,   19.92,   48.49,   21.94,   21.82,   42.48,   44.67,  152.19,   23.68,    9.33,   67.93,   17.45,   51.92,   18.47,   21.44,   63.27,   45.61,   27.66,   74.34,  187.45,   53.51,    9.32,   63.63,  199.83,  151.66,  319.10,    9.34,    9.12,   20.71,   19.11,    5.26,    9.77,   14.41,    6.04,    8.86,    9.17,  119.15,  497.33,   64.97,   20.08,    9.98,  286.88,   45.75,    9.61,   63.27,
   22.46,   24.88,   29.68,   58.19,   43.22,   58.27,   20.33,   48.93,   22.03,   21.82,   43.20,   45.18,  156.16,   24.03,    9.41,   69.01,   17.62,   53.44,   18.74,   21.44,   62.40,   46.33,   27.66,   76.10,  186.48,   54.05,    9.40,   63.49,  202.89,  155.28,  325.72,    9.52,    9.20,   20.78,   19.41,    5.24,   10.11,   14.34,    6.18,    9.13,    9.31,  119.93,  511.54,   64.07,   20.43,   10.02,  298.03,   45.11,    9.72,   63.67,
   22.95,   25.50,   30.09,   57.45,   42.24,   58.20,   20.75,   50.33,   22.57,   21.63,   44.62,   45.53,  159.72,   24.49,    9.48,   69.47,   17.90,   54.70,   19.14,   22.50,   64.55,   47.57,   28.73,   76.80,  191.64,   56.14,    9.59,   63.91,  211.70,  157.69,  327.92,    9.55,    9.26,   21.50,   19.67,    5.32,   10.26,   14.64,    6.20,    9.26,    9.41,  122.67,  546.18,   64.56,   21.43,   10.19,  302.29,   46.96,    9.77,   65.03,
   22.92,   25.53,   30.06,   58.63,   42.39,   58.64,   20.78,   49.89,   22.66,   21.75,   44.38,   45.96,  156.55,   24.49,    9.48,   68.54,   17.93,   54.57,   19.18,   22.09,   64.31,   47.18,   29.27,   75.75,  192.29,   55.33,    9.44,   64.05,  210.17,  159.30,  340.72,    9.52,    9.23,   21.35,   19.34,    5.26,   10.04,   14.54,    6.09,    9.34,    9.36,  124.23,  540.85,   64.90,   21.13,   10.10,  302.94,   46.89,    9.69,   66.31,
   23.02,   25.46,   29.93,   59.15,   42.99,   59.38,   21.44,   50.55,   22.75,   21.79,   44.44,   46.13,  160.91,   24.72,    9.75,   67.93,   17.93,   55.02,   19.45,   22.93,   65.19,   48.03,   29.09,   76.10,  192.61,   54.72,    9.55,   64.48,  211.31,  162.52,  345.13,    9.58,    9.26,   21.57,   19.64,    5.30,   10.26,   14.54,    6.15,    9.50,    9.44,  123.84,  552.39,   65.25,   21.08,   10.31,  313.43,   46.11,    9.77,   67.03,
   22.72,   25.46,   29.52,   58.93,   42.09,   58.94,   21.23,   50.55,   22.53,   21.48,   44.56,   45.27,  158.53,   24.52,    9.87,   68.47,   17.86,   54.45,   19.07,   22.75,   64.39,   47.89,   29.23,   77.16,  190.35,   52.83,    9.47,   64.62,  207.49,  161.71,  335.43,    9.46,    9.09,   21.25,   19.41,    5.27,   10.07,   14.17,    6.04,    9.34,    9.22,  122.28,  537.29,   64.90,   20.46,   10.40,  313.43,   45.54,    9.69,   66.15,
   22.46,   25.12,   29.08,   57.08,   41.26,   57.09,   20.99,   50.11,   22.03,   21.36,   43.97,   45.36,  158.53,   24.07,    9.60,   66.54,   17.59,   54.76,   18.60,   22.06,   63.99,   47.50,   28.91,   78.21,  181.64,   53.10,    9.36,   64.33,  209.78,  160.51,  340.72,    9.28,    9.00,   21.07,   19.14,    5.22,    9.89,   14.34,    6.01,    9.15,    9.12,  121.10,  543.51,   64.76,   20.03,   10.31,  310.81,   46.11,    9.52,   63.67,
   22.24,   24.98,   28.57,   55.83,   39.61,   55.75,   21.03,   49.89,   21.63,   21.25,   43.49,   45.01,  154.97,   23.74,    9.41,   66.38,   17.24,   54.70,   18.13,   22.20,   63.59,   47.37,   28.64,   75.39,  177.77,   53.10,    9.28,   64.26,  214.76,  158.49,  334.10,    9.19,    8.98,   20.92,   19.04,    5.18,    9.81,   14.17,    5.93,    9.02,    9.09,  120.32,  531.97,   65.18,   20.03,   10.44,  301.63,   45.90,    9.47,   62.71,
   22.50,   25.09,   28.86,   56.12,   39.69,   55.90,   21.20,   50.11,   21.67,   21.29,   43.20,   44.58,  151.80,   23.97,    9.41,   66.77,   17.04,   54.38,   18.10,   22.28,   62.87,   46.72,   27.30,   73.28,  177.44,   52.76,    9.16,   64.83,  210.17,  154.47,  324.39,    9.25,    9.03,   20.85,   18.95,    5.19,    9.85,   14.14,    5.90,    8.94,    9.17,  122.67,  515.98,   65.60,   19.82,   10.14,  306.88,   46.54,    9.50,   63.91,
   22.66,   25.02,   28.86,   56.71,   39.69,   56.42,   21.37,   49.89,   21.99,   21.52,   43.31,   44.49,  152.19,   23.97,    9.37,   69.01,   16.69,   54.70,   18.20,   22.20,   63.35,   47.05,   27.21,   73.63,  181.96,   53.44,    9.36,   65.53,  208.25,  157.69,  331.89,    9.28,    9.06,   21.10,   18.98,    5.21,    9.81,   14.61,    6.06,    8.99,    9.22,  122.28,  543.51,   66.50,   19.71,   10.14,  311.47,   46.39,    9.61,   63.67,
   22.85,   25.26,   28.80,   57.23,   39.39,   56.79,   21.48,   49.74,   22.12,   21.25,   43.20,   44.58,  148.23,   23.26,    9.29,   68.70,   16.56,   55.59,   18.37,   22.20,   63.83,   47.11,   27.12,   72.93,  174.22,   53.44,    9.28,   65.39,  208.25,  156.08,  331.01,    9.25,    9.00,   20.89,   18.91,    5.18,    9.89,   14.48,    6.01,    8.91,    9.17,  121.88,  537.29,   66.78,   19.36,   10.31,  323.15,   45.97,    9.50,   63.27,
   22.95,   25.60,   30.12,   58.93,   40.06,   58.05,   21.82,   50.41,   22.62,   21.55,   44.44,   45.10,  152.99,   24.20,    9.91,   70.17,   16.80,   56.53,   18.43,   22.71,   64.95,   47.44,   27.57,   75.75,  175.19,   53.71,    9.47,   66.24,  209.02,  159.70,  343.81,    9.52,    9.23,   21.43,   19.31,    5.27,   10.15,   14.71,    6.20,    9.13,    9.39,  123.84,  548.84,   68.37,   19.63,   10.31,  331.57,   46.04,    9.77,   64.79,
   22.79,   25.36,   29.87,   59.22,   40.06,   58.42,   22.17,   50.41,   23.07,   21.44,   44.50,   44.75,  153.78,   24.39,   10.29,   69.24,   17.17,   56.28,   18.47,   23.62,   66.55,   47.05,   27.66,   76.10,  176.80,   53.98,    9.44,   66.17,  205.96,  161.71,  344.69,    9.58,    9.23,   21.82,   19.77,    5.30,   10.34,   14.95,    6.40,    9.37,    9.41,  123.45,  539.07,   69.28,   20.17,   10.31,  325.81,   46.39,    9.77,   64.79,
   23.47,   25.70,   30.76,   59.44,   41.64,   58.57,   22.72,   50.55,   23.25,   21.59,   44.85,   44.93,  154.97,   24.78,   10.29,   69.24,   17.31,   57.23,   18.67,   23.91,   67.27,   46.98,   27.88,   77.86,  179.38,   55.47,    9.55,   66.73,  209.40,  161.31,  348.67,    9.61,    9.29,   22.11,   19.74,    5.30,   10.64,   15.18,    6.40,    9.42,    9.47,  124.62,  536.41,   70.46,   20.33,   10.52,  320.94,   46.61,    9.77,   65.51,
   23.50,   25.67,   30.73,   59.89,   41.87,   59.43,   22.52,   51.22,   24.38,   21.59,   45.33,   45.36,  156.95,   24.65,   10.14,   69.63,   17.66,   58.18,   18.84,   24.17,   67.27,   47.05,   27.57,   79.27,  179.06,   55.27,    9.55,   66.94,  210.17,  164.93,  350.43,    9.70,    9.29,   22.29,   19.84,    5.33,   10.49,   15.38,    6.54,    9.50,    9.47,  124.23,  538.18,   69.41,   20.06,   10.48,  322.27,   46.39,    9.83,   67.07,
   23.31,   25.56,   31.17,   59.37,   41.64,   58.72,   22.48,   50.92,   25.60,   21.55,   45.33,   45.36,  163.29,   24.88,   10.10,   71.79,   17.28,   57.80,   18.87,   24.21,   67.10,   47.57,   27.39,   78.92,  180.67,   55.40,    9.47,   67.01,  209.78,  162.92,  333.25,    9.70,    9.26,   22.11,   19.77,    5.33,   10.49,   15.45,    6.42,    9.39,    9.52,  123.45,  534.63,   69.41,   20.17,   10.40,  314.29,   47.03,    9.86,   66.50,
   23.57,   25.70,   31.55,   59.37,   42.32,   59.11,   22.52,   50.33,   24.92,   21.59,   45.39,   45.96,  160.91,   24.98,    9.98,   72.64,   17.42,   57.80,   19.04,   24.10,   67.02,   47.70,   27.26,   78.92,  178.09,   53.91,    9.51,   67.08,  209.02,  156.89,  316.08,    9.64,    9.31,   22.15,   19.74,    5.33,   10.52,   15.38,    6.51,    9.37,    9.58,  123.45,  516.87,   69.41,   20.38,   10.35,  314.29,   47.11,    9.88,   67.65,
   23.57,   25.70,   31.33,   59.99,   42.09,   58.49,   22.27,   48.93,   25.73,   21.55,   44.80,   45.10,  159.72,   24.81,    9.82,   72.56,   17.14,   58.11,   18.91,   23.08,   66.27,   46.91,   26.94,   80.33,  170.99,   53.10,    9.24,   67.22,  210.55,  149.24,  298.41,    9.58,    9.26,   22.07,   19.57,    5.30,   10.41,   15.22,    6.29,    9.34,    9.58,  124.23,  510.65,   70.19,   20.30,   10.19,  314.29,   47.67,    9.83,   68.06,
   23.37,   25.91,   31.83,   60.54,   40.96,   58.18,   22.34,   48.49,   25.73,   21.55,   45.62,   44.67,  159.33,   24.91,    9.90,   73.02,   16.49,   56.98,   18.87,   22.24,   65.53,   46.33,   26.72,   78.57,  170.99,   52.09,    8.96,   67.36,  202.89,  146.83,  299.39,    9.52,    9.26,   21.93,   19.47,    5.24,   10.41,   15.08,    6.42,    9.29,    9.58,  124.23,  507.10,   69.09,   19.87,    9.98,  292.57,   48.96,    9.83,   68.14,
   23.96,   26.01,   31.42,   59.84,   41.35,   58.49,   22.55,   48.49,   26.41,   21.40,   46.81,   43.46,  158.53,   24.98,    9.86,   73.72,   16.56,   56.85,   18.33,   21.84,   64.70,   45.93,   27.12,   79.62,  170.99,   52.02,    9.04,   67.22,  202.51,  142.81,  307.24,    9.58,    9.26,   22.18,   19.57,    5.27,   10.37,   15.55,    6.56,    9.50,    9.63,  125.01,  515.09,   69.53,   19.63,   10.06,  292.57,   51.30,    9.83,   68.14,
   23.50,   25.80,   31.20,   58.44,   40.18,   57.55,   22.00,   48.12,   26.10,   21.25,   45.98,   43.37,  154.41,   24.49,    9.62,   71.86,   16.59,   55.08,   18.20,   21.51,   62.71,   45.74,   26.68,   79.98,  167.44,   51.75,    8.81,   65.96,  196.00,  142.00,  295.46,    9.52,    9.17,   21.75,   19.20,    5.21,   10.22,   15.59,    6.50,    9.45,    9.55,  122.28,  516.87,   69.39,   19.47,    9.77,  291.24,   50.17,    9.75,   65.68,
   23.53,   25.91,   31.14,   58.28,   40.18,   57.55,   22.27,   47.97,   26.19,   21.09,   45.68,   43.11,  153.17,   24.59,    9.58,   72.33,   16.25,   55.02,   18.33,   21.66,   62.79,   45.67,   25.87,   77.16,  168.73,   51.75,    8.81,   66.10,  189.88,  143.21,  282.70,    9.70,    9.26,   21.89,   19.23,    5.21,   10.19,   15.65,    6.45,    9.45,    9.58,  123.06,  527.53,   69.17,   19.44,    9.64,  295.23,   50.88,    9.80,   66.17,
   23.53,   25.87,   31.14,   59.99,   41.67,   58.72,   22.65,   47.23,   25.28,   20.71,   45.62,   42.76,  153.58,   24.75,    9.62,   71.71,   16.32,   55.33,   18.30,   21.71,   62.55,   45.67,   25.06,   77.16,  169.70,   51.54,    8.65,   66.10,  193.45,  139.19,  281.72,    9.64,    9.29,   21.97,   19.40,    5.22,   10.19,   15.38,    6.42,    9.29,    9.58,  123.06,  513.32,   69.53,   19.17,    9.18,  296.11,   50.52,    9.88,   68.14,
   23.53,   25.84,   31.52,   62.17,   43.62,   60.52,   22.97,   47.23,   26.66,   20.71,   46.57,   43.90,  157.71,   24.68,    9.94,   71.79,   16.45,   55.96,   18.30,   22.25,   61.97,   45.41,   25.24,   74.69,  172.93,   51.00,    8.61,   66.96,  199.01,  137.58,  292.52,    9.76,    9.37,   22.18,   19.60,    5.24,   10.41,   15.75,    6.45,    9.59,    9.71,  123.84,  508.88,   69.60,   19.12,    8.93,  304.09,   50.09,   10.00,   68.55,
   23.40,   25.43,   30.69,   61.00,   41.67,   59.35,   22.55,   46.79,   25.99,   20.82,   46.34,   43.37,  156.06,   24.07,    9.70,   71.25,   16.38,   55.02,   17.63,   21.75,   61.97,   45.22,   24.62,   75.39,  167.77,   48.30,    8.30,   66.89,  195.44,  135.97,  287.61,    9.58,    9.23,   21.93,   19.27,    5.21,   10.15,   15.42,    6.39,    9.53,    9.63,  121.88,  509.76,   71.00,   18.79,    8.59,  297.89,   50.59,    9.86,   67.81,
   23.92,   25.53,   30.88,   61.86,   42.84,   60.21,   22.58,   48.05,   26.38,   20.82,   46.99,   43.46,  159.36,   24.49,    9.98,   73.97,   16.52,   55.84,   18.13,   22.55,   64.20,   45.41,   24.71,   78.21,  173.25,   51.00,    8.14,   67.04,  197.03,  141.20,  291.54,    9.70,    9.29,   22.18,   19.44,    5.30,   10.26,   15.42,    6.56,    9.73,    9.71,  122.28,  521.31,   70.63,   18.96,    8.72,  303.65,   50.66,    9.91,   68.47,
   24.02,   25.56,   30.85,   62.48,   43.23,   60.67,   22.83,   49.67,   26.57,   20.94,   46.99,   43.11,  158.95,   24.75,   10.02,   78.70,   16.49,   56.66,   18.30,   22.40,   63.54,   45.22,   24.17,   78.21,  174.22,   51.14,    8.14,   67.04,  198.62,  138.78,  294.48,    9.73,    9.37,   22.29,   19.57,    5.29,   10.22,   15.59,    6.59,    9.73,    9.74,  123.06,  523.97,   70.63,   19.04,    8.55,  304.53,   50.52,    9.97,   68.55,
   23.63,   25.02,   30.73,   61.23,   42.14,   59.11,   22.17,   49.74,   25.90,   20.71,   46.99,   42.45,  156.06,   23.84,    9.82,   78.62,   15.59,   54.76,   18.10,   21.60,   61.55,   44.69,   23.81,   74.34,  171.64,   50.26,    7.86,   66.81,  193.45,  132.75,  281.72,    9.58,    9.31,   21.82,   19.33,    5.19,    9.81,   15.55,    6.53,    9.53,    9.58,  120.71,  515.98,   70.26,   18.77,    8.27,  290.79,   50.38,    9.83,   68.14,
   23.47,   24.91,   30.41,   61.23,   42.84,   59.04,   22.17,   49.45,   25.61,   20.55,   46.93,   42.58,  156.88,   24.55,    9.86,   78.14,   15.15,   54.13,   18.23,   21.48,   61.97,   43.78,   23.23,   74.34,  170.35,   50.12,    7.61,   66.44,  193.45,  135.97,  275.34,    9.61,    9.34,   21.89,   19.37,    5.20,    9.81,   15.59,    6.50,    9.53,    9.55,  120.71,  523.09,   71.00,   18.69,    7.92,  293.90,   49.41,    9.83,   67.65,
   22.98,   24.74,   31.01,   61.39,   42.68,   59.89,   21.65,   49.45,   25.94,   20.40,   46.87,   43.02,  156.88,   23.87,    9.66,   78.14,   15.11,   51.79,   18.23,   21.79,   61.80,   43.99,   22.78,   72.22,  172.61,   49.04,    7.47,   66.67,  191.47,  133.15,  276.81,    9.55,    9.29,   21.93,   19.17,    5.17,    9.93,   15.69,    6.59,    9.37,    9.55,  121.49,  527.53,   70.26,   18.71,    7.71,  287.25,   49.34,    9.83,   68.22,
   23.09,   24.68,   30.85,   60.61,   41.90,   58.65,   21.89,   50.48,   25.75,   20.76,   46.34,   42.94,  156.06,   23.68,    9.74,   76.38,   15.25,   50.91,   18.00,   21.90,   63.21,   43.78,   23.45,   70.81,  173.90,   49.11,    7.12,   66.07,  187.89,  131.94,  273.87,    9.58,    9.29,   22.00,   19.33,    5.17,    9.96,   15.52,    6.73,    9.40,    9.63,  121.10,  530.19,   70.48,   19.09,    7.44,  285.92,   49.71,    9.86,   67.32,
   23.91,   25.15,   31.17,   62.87,   42.99,   60.36,   22.41,   50.92,   26.28,   21.12,   46.99,   43.55,  159.36,   24.55,    9.90,   79.10,   15.66,   52.80,   18.57,   22.86,   65.69,   44.82,   23.59,   75.04,  180.67,   50.73,    7.13,   65.92,  190.67,  130.74,  284.66,    9.76,    9.40,   22.43,   19.67,    5.24,   10.46,   15.75,    6.98,    9.62,    9.74,  122.28,  542.62,   70.63,   19.32,    7.63,  289.46,   51.94,    9.97,   69.21,
   24.08,   25.60,   31.64,   63.26,   43.85,   61.14,   22.76,   51.44,   26.57,   21.20,   46.51,   44.43,  160.19,   24.42,    9.98,   79.10,   15.84,   52.36,   18.70,   24.43,   65.45,   45.65,   23.18,   74.34,  180.03,   51.48,    7.01,   66.14,  196.23,  125.11,  279.27,    9.76,    9.48,   22.40,   19.54,    5.23,   10.53,   15.96,    7.04,    9.81,    9.77,  121.10,  545.29,   71.58,   19.35,    7.50,  293.90,   52.53,   10.08,   69.70,
   23.94,   26.01,   31.90,   64.50,   45.65,   61.92,   23.31,   52.55,   27.34,   21.65,   47.28,   46.18,  165.96,   24.49,   10.06,   81.43,   16.04,   53.50,   19.01,   25.53,   67.10,   45.52,   24.71,   75.04,  179.70,   53.03,    7.30,   67.34,  202.59,  116.66,  286.63,    9.88,    9.54,   22.65,   19.94,    5.27,   10.65,   16.39,    7.26,    9.89,    9.90,  122.67,  546.18,   72.46,   19.48,    8.01,  297.00,   56.17,   10.13,   71.42,
   24.53,   25.97,   32.78,   64.50,   45.02,   62.39,   23.62,   53.36,   27.05,   21.49,   48.29,   47.68,  168.44,   25.04,   10.02,   80.23,   16.14,   53.62,   18.74,   24.92,   66.27,   46.07,   24.21,   75.75,  182.61,   50.96,    7.07,   66.52,  216.49,  108.61,  282.70,    9.88,    9.51,   22.72,   19.91,    5.30,   10.65,   16.33,    7.12,    9.81,    9.93,  126.57,  553.28,   73.19,   19.66,    7.83,  307.64,   54.99,   10.16,   71.26,
   24.56,   26.18,   32.91,   64.03,   44.48,   62.31,   23.62,   52.77,   26.14,   21.25,   50.52,   47.85,  168.03,   24.55,    9.90,   79.43,   16.08,   51.60,   18.20,   24.85,   66.11,   44.13,   23.50,   70.46,  178.09,   50.68,    6.58,   66.96,  221.66,  110.62,  272.39,    9.88,    9.43,   22.47,   19.67,    5.24,   10.46,   16.16,    7.01,    9.73,    9.87,  128.13,  550.62,   76.48,   18.78,    7.30,  311.63,   55.43,   10.21,   71.75,
   24.49,   26.32,   33.54,   66.05,   45.65,   63.17,   23.87,   52.99,   26.38,   21.41,   50.93,   47.76,  167.20,   24.39,   10.14,   77.82,   16.45,   55.21,   18.27,   25.19,   67.02,   44.47,   23.32,   74.69,  178.41,   52.39,    6.46,   66.96,  218.48,  110.22,  253.74,   10.03,    9.51,   22.79,   19.84,    5.27,   10.69,   16.33,    7.12,   10.00,    9.98,  126.96,  525.75,   76.12,   19.35,    7.33,  313.84,   54.69,   10.33,   71.75,
   24.49,   26.52,   34.24,   65.98,   46.04,   62.86,   23.73,   52.99,   26.52,   21.53,   50.93,   48.29,  170.51,   24.60,   10.14,   78.46,   16.66,   55.21,   18.47,   25.23,   67.43,   44.54,   23.27,   72.93,  179.70,   53.03,    6.50,   66.59,  223.24,  110.62,  236.07,   10.03,    9.54,   22.90,   20.14,    5.30,   10.69,   16.19,    7.08,   10.06,    9.98,  130.42,  530.19,   76.48,   19.57,    7.20,  310.74,   53.28,   10.42,   72.00,
   24.36,   26.86,   34.55,   65.98,   46.43,   63.25,   23.69,   53.73,   26.86,   21.45,   50.72,   49.52,  180.41,   24.91,   10.18,   79.43,   17.21,   55.21,   18.60,   25.53,   66.69,   45.17,   23.36,   73.99,  186.51,   54.31,    6.90,   66.29,  224.04,  113.44,  231.66,   10.00,    9.59,   23.01,   20.44,    5.31,   10.69,   16.51,    7.00,    9.97,    9.95,  130.42,  531.08,   76.85,   19.45,    7.70,  317.39,   53.80,   10.42,   72.49,
   24.56,   27.20,   35.25,   65.66,   47.52,   62.78,   23.80,   54.57,   27.48,   21.73,   51.48,   49.43,  181.65,   24.98,   10.26,   80.63,   17.35,   57.55,   19.88,   25.57,   68.18,   46.42,   23.86,   78.57,  188.55,   56.74,    7.01,   67.19,  224.04,  119.88,  240.49,   10.12,    9.68,   24.01,   20.87,    5.51,   10.95,   16.79,    7.17,   10.19,   10.14,  131.23,  556.67,   76.85,   19.93,    7.80,  316.50,   53.28,   10.48,   72.98,
   24.56,   27.27,   34.63,   65.28,   47.68,   63.48,   23.97,   55.25,   27.58,   21.77,   51.00,   49.17,  179.18,   25.05,   10.14,   84.24,   17.35,   59.70,   20.24,   25.69,   67.93,   46.49,   23.95,   81.74,  187.87,   55.46,    7.05,   67.26,  225.63,  120.28,  243.44,   10.09,    9.68,   23.85,   20.83,    5.48,   10.91,   16.55,    7.06,    9.97,   10.23,  132.84,  549.36,   75.75,   20.20,    7.85,  335.56,   53.28,   10.45,   73.06,
   24.70,   27.24,   34.35,   65.20,   47.21,   63.72,   23.97,   54.64,   27.24,   21.49,   49.76,   48.99,  176.70,   24.98,    9.98,   83.04,   17.14,   60.05,   20.06,   25.46,   68.51,   46.84,   23.68,   81.03,  189.91,   55.67,    7.29,   67.34,  233.18,  119.88,  235.58,   10.03,    9.68,   23.85,   20.76,    5.42,   10.76,   16.40,    7.00,    9.89,   10.26,  134.05,  557.59,   75.39,   20.02,    8.16,  334.23,   52.24,   10.33,   72.90,
   24.22,   27.07,   35.04,   65.51,   47.44,   64.57,   23.97,   55.02,   27.77,   21.73,   49.90,   48.99,  177.52,   25.12,    9.98,   83.04,   17.38,   60.12,   20.20,   25.46,   68.92,   47.32,   23.72,   82.44,  196.04,   55.74,    7.31,   67.49,  231.19,  122.29,  249.33,   10.00,    9.62,   24.01,   20.87,    5.46,   10.95,   16.09,    7.03,    9.75,   10.20,  132.84,  561.24,   77.58,   20.29,    8.14,  337.34,   53.65,   10.39,   74.71,
   24.29,   26.76,   34.49,   65.74,   47.13,   64.34,   23.97,   55.02,   27.77,   21.69,   50.45,   49.08,  176.70,   24.98,    9.94,   83.84,   17.45,   59.77,   20.27,   25.23,   68.76,   47.32,   24.66,   83.85,  194.00,   55.81,    7.29,   67.79,  226.03,  119.88,  239.02,    9.97,    9.71,   23.81,   20.87,    5.45,   10.99,   16.12,    7.06,    9.70,   10.17,  134.05,  555.76,   78.31,   20.05,    8.09,  336.01,   54.09,   10.39,   74.71,
   24.01,   26.49,   34.49,   64.89,   46.43,   63.87,   23.87,   58.68,   27.86,   21.65,   50.52,   48.47,  176.70,   24.84,    9.86,   82.63,   17.86,   59.48,   20.06,   25.46,   68.68,   47.46,   24.84,   84.20,  200.12,   55.17,    7.26,   67.64,  231.98,  123.09,  245.40,   10.15,    9.77,   23.73,   21.11,    5.42,   11.14,   16.19,    7.14,    9.73,   10.17,  134.45,  563.98,   79.78,   19.93,    8.07,  348.42,   54.02,   10.30,   73.89,
   23.87,   26.49,   34.01,   64.27,   45.65,   63.56,   23.87,   57.92,   27.58,   21.57,   50.59,   48.29,  173.40,   24.50,    9.94,   81.43,   17.79,   59.77,   19.49,   25.08,   67.93,   46.56,   24.62,   82.79,  197.40,   55.53,    7.14,   67.34,  233.97,  122.29,  245.40,   10.08,    9.74,   23.66,   20.83,    5.33,   11.10,   16.23,    7.06,    9.64,   10.08,  132.84,  562.16,   81.61,   19.75,    8.01,  354.63,   54.61,   10.17,   73.89,
   23.57,   26.66,   33.94,   64.11,   45.10,   63.17,   24.04,   57.61,   27.10,   21.45,   50.59,   47.85,  165.55,   24.43,    9.70,   83.44,   18.23,   59.98,   19.60,   25.57,   68.26,   46.21,   23.99,   83.85,  194.34,   55.31,    7.08,   67.11,  236.75,  120.68,  235.09,   10.05,    9.71,   23.46,   20.62,    5.44,   10.88,   16.05,    7.00,    9.64,   10.02,  131.63,  562.16,   79.78,   19.93,    7.76,  347.09,   54.47,   10.17,   73.89,
   23.63,   26.34,   35.25,   65.35,   46.04,   63.95,   24.39,   57.23,   27.81,   21.65,   51.21,   48.12,  172.16,   25.05,    9.74,   83.04,   18.32,   60.76,   19.88,   26.11,   69.26,   47.46,   23.36,   85.43,  195.70,   55.74,    7.40,   67.56,  238.34,  119.88,  237.55,   10.18,    9.86,   23.85,   20.94,    5.47,   11.07,   16.51,    7.11,    9.84,   10.14,  134.05,  562.16,   80.14,   20.62,    8.05,  346.65,   55.88,   10.24,   74.46,
   23.43,   26.30,   35.25,   65.04,   45.57,   63.64,   23.73,   57.69,   27.81,   21.53,   51.41,   48.38,  170.92,   24.98,    9.62,   83.44,   18.07,   60.90,   19.53,   26.07,   68.26,   46.84,   23.50,   85.81,  197.40,   54.96,    7.73,   67.71,  240.33,  121.49,  247.36,   10.22,    9.86,   23.89,   20.97,    5.43,   11.14,   16.58,    7.08,   10.00,   10.17,  134.45,  561.24,   79.41,   20.53,    8.59,  346.20,   55.88,   10.21,   74.30,
   23.33,   26.30,   34.97,   64.65,   45.57,   63.64,   23.73,   57.61,   27.58,   21.41,   51.00,   48.64,  171.74,   24.98,    9.74,   81.83,   18.07,   61.61,   19.17,   25.99,   68.51,   46.90,   23.36,   85.06,  197.40,   54.17,    7.63,   67.79,  247.87,  121.49,  245.89,   10.22,    9.93,   23.89,   21.04,    5.40,   11.18,   16.51,    7.11,   10.03,   10.23,  133.24,  561.24,   80.51,   20.44,    8.59,  345.76,   55.65,   10.24,   73.72,
   23.26,   26.26,   35.25,   63.88,   45.02,   62.78,   23.66,   56.85,   27.62,   21.20,   50.17,   48.73,  172.57,   24.77,    9.70,   80.63,   17.95,   61.46,   19.03,   25.76,   67.93,   46.42,   23.81,   83.94,  191.27,   53.25,    7.41,   67.41,  252.64,  127.92,  257.67,   10.15,    9.86,   23.58,   20.90,    5.38,   11.10,   16.33,    7.06,    9.89,   10.26,  131.63,  563.07,   79.41,   19.96,    8.43,  354.18,   55.80,   10.17,   73.56,
   23.22,   26.07,   34.39,   63.41,   44.79,   62.00,   23.66,   56.40,   27.81,   21.12,   49.83,   48.12,  172.98,   24.63,    9.62,   82.23,   18.11,   61.89,   18.96,   25.57,   68.76,   46.77,   23.68,   85.43,  190.25,   52.89,    7.27,   67.41,  253.43,  125.51,  252.76,   10.15,    9.86,   23.54,   20.87,    5.36,   10.80,   16.16,    7.06,    9.86,   10.31,  132.84,  582.27,   79.05,   20.11,    8.38,  349.75,   55.65,   10.14,   73.23,
   22.95,   25.89,   33.28,   62.87,   44.63,   60.83,   23.55,   56.24,   27.67,   21.12,   49.14,   47.33,  170.92,   24.32,    9.62,   81.43,   17.91,   59.55,   18.99,   25.95,   68.26,   46.07,   23.36,   83.19,  185.15,   53.03,    7.15,   67.34,  250.26,  122.69,  243.93,   10.08,    9.83,   23.23,   20.48,    5.30,   10.57,   15.91,    6.77,    9.73,   10.23,  129.62,  565.81,   77.95,   20.23,    7.89,  325.37,   54.91,   10.08,   72.49,
   22.67,   25.81,   33.18,   62.94,   44.40,   60.67,   23.66,   56.40,   27.96,   21.12,   49.97,   48.29,  178.76,   24.25,    9.62,   83.84,   17.91,   59.41,   18.78,   25.76,   68.51,   46.42,   23.54,   83.19,  187.53,   53.67,    7.26,   67.49,  254.23,  121.89,  248.84,   10.18,    9.86,   23.23,   20.41,    5.30,   10.57,   16.05,    6.77,    9.73,   10.26,  131.63,  569.47,   78.31,   19.96,    7.92,  328.47,   54.69,   10.08,   71.75,
   22.37,   25.63,   33.11,   62.56,   43.85,   59.89,   23.58,   55.71,   28.25,   20.96,   49.56,   47.76,  173.40,   24.22,    9.62,   81.83,   17.99,   60.47,   18.18,   25.65,   68.51,   45.65,   23.41,   86.18,  200.46,   55.17,    7.31,   67.71,  251.45,  123.55,  248.84,   10.08,    9.74,   22.95,   20.13,    5.29,   10.50,   15.80,    6.71,    9.78,   10.23,  128.81,  566.73,   78.31,   19.81,    8.11,  336.89,   54.69,   10.02,   70.19,
   22.33,   25.74,   33.08,   62.71,   43.93,   60.28,   23.62,   56.32,   28.53,   20.84,   50.04,   47.76,  178.35,   25.15,    9.58,   81.83,   17.99,   59.98,   18.64,   25.84,   69.01,   46.42,   23.68,   85.06,  203.53,   55.10,    7.15,   67.71,  254.23,  124.38,  253.25,   10.15,    9.77,   23.19,   20.16,    5.32,   10.57,   15.98,    6.88,    9.84,   10.17,  128.41,  569.47,   81.24,   20.17,    8.03,  343.10,   54.84,   10.05,   70.11,
