1101   ,1102   ,1216   ,1301   ,1303   ,1326   ,1402   ,1722   ,2002   ,2105   ,2301   ,2303   ,2308   ,2311   ,2317   ,2324   ,2325   ,2330   ,2347   ,2353   ,2354   ,2357   ,2382   ,2409   ,2412   ,2448   ,2454   ,2498   ,2801   ,2880   ,2881   ,2882   ,2883   ,2885   ,2886   ,2888   ,2890   ,2891   ,2892   ,2912   ,3045   ,3231   ,3474   ,3481   ,4904   ,5854   ,6239   ,6505   ,8046   ,9904   ,
   18.39,   17.45,   20.41,   48.02,   38.77,   53.26,   20.87,   66.96,   20.54,   26.81,   22.33,   10.39,   80.30,   14.06,   49.57,   24.52,   23.35,   46.81,   41.47,   62.98,   66.30,  126.86,   38.40,   25.63,   53.74,   70.86,  313.66,  320.83,    9.27,   10.29,   23.80,   30.56,    6.28,   11.95,   11.65,    9.45,    5.97,    8.39,    9.71,   75.30,   48.50,   23.70,   17.70,   29.57,   27.73,   16.25,   60.74,   62.64,  107.43,   17.86,
   18.66,   17.64,   21.16,   48.16,   39.16,   53.62,   21.39,   67.28,   20.65,   26.85,   22.59,   10.43,   82.21,   14.26,   49.13,   24.55,   23.92,   47.04,   42.20,   64.09,   66.93,  126.86,   37.92,   25.68,   54.40,   70.17,  308.94,  323.03,    9.55,   10.71,   24.40,   31.47,    6.45,   12.27,   12.19,    9.80,    6.21,    8.92,   10.04,   76.20,   49.91,   24.73,   17.90,   29.93,   28.05,   17.08,   61.27,   64.03,  109.51,   18.11,
   19.21,   17.76,   21.62,   49.11,   39.77,   54.86,   22.20,   67.59,   20.75,   27.09,   22.33,   10.57,   84.89,   14.34,   50.88,   24.75,   23.95,   47.90,   42.38,   64.00,   68.20,  126.86,   39.27,   26.27,   54.74,   71.80,  319.47,  345.37,    9.55,   10.94,   24.76,   31.47,    6.55,   12.76,   12.53,    9.92,    6.39,    9.14,   10.01,   75.79,   48.57,   24.39,   18.30,   30.38,   28.36,   16.99,   61.34,   64.76,  109.09,   18.18,
   19.75,   18.14,   21.56,   50.56,   41.23,   56.54,   22.79,   68.53,   21.20,   27.96,   23.19,   10.76,   84.89,   14.71,   51.10,   25.17,   24.15,   49.13,   43.47,   65.87,   70.09,  127.15,   40.35,   26.63,   55.24,   75.85,  328.91,  362.59,    9.70,   11.11,   25.19,   32.30,    6.61,   13.00,   12.53,    9.80,    6.36,    9.14,   10.23,   75.71,   48.57,   24.73,   18.25,   31.42,   29.44,   17.16,   62.14,   65.66,  111.17,   18.54,
   19.45,   18.23,   21.30,   50.78,   42.23,   55.89,   22.30,   68.38,   21.03,   28.08,   23.48,   10.87,   85.27,   14.68,   51.10,   25.66,   23.95,   48.80,   44.02,   66.89,   71.04,  130.56,   39.81,   26.49,   54.99,   74.99,  325.28,  366.98,    9.64,   11.00,   25.39,   32.40,    6.54,   12.90,   12.47,    9.75,    6.27,    9.05,   10.09,   76.53,   48.73,   25.27,   18.20,   31.06,   29.51,   16.95,   61.74,   64.89,  116.97,   18.54,
   19.45,   18.23,   21.47,   51.72,   42.23,   55.96,   22.50,   69.32,   21.17,   28.29,   24.18,   10.87,   87.57,   14.82,   52.64,   25.92,   24.92,   49.54,   43.47,   67.49,   71.35,  133.69,   40.49,   27.71,   55.24,   77.15,  329.63,  386.76,    9.67,   11.02,   25.39,   32.70,    6.58,   13.08,   12.47,    9.80,    6.27,    8.92,   10.06,   78.58,   48.81,   25.96,   18.70,   31.78,   29.69,   16.99,   62.70,   65.57,  119.46,   18.65,
   19.72,   18.32,   21.44,   52.44,   43.23,   55.65,   22.92,   69.48,   21.17,   28.20,   24.18,   10.98,   91.01,   14.93,   52.86,   26.38,   25.22,   49.54,   43.77,   68.85,   71.67,  133.12,   41.30,   28.07,   55.24,   76.54,  342.34,  385.29,    9.58,   11.05,   25.52,   33.33,    6.55,   13.16,   12.47,   10.01,    6.21,    9.05,   10.09,   79.81,   48.81,   26.94,   18.45,   32.46,   30.39,   17.03,   62.84,   65.40,  119.46,   18.61,
   19.79,   18.32,   21.36,   52.59,   42.99,   54.88,   22.85,   69.40,   21.17,   28.24,   24.09,   10.98,   87.18,   14.90,   53.08,   26.18,   24.92,   49.05,   43.59,   67.74,   70.09,  128.57,   41.23,   28.30,   55.24,   79.45,  339.80,  407.27,    9.64,   11.00,   25.19,   32.67,    6.59,   13.23,   12.40,    9.84,    6.21,    9.14,   10.06,   79.72,   48.65,   26.89,   18.50,   33.60,   30.88,   16.91,   62.08,   65.40,  126.10,   18.43,
   19.65,   18.20,   21.27,   51.94,   43.31,   54.65,   22.50,   69.24,   21.10,   29.19,   23.96,   11.02,   87.95,   14.96,   52.64,   25.79,   24.27,   48.89,   43.47,   66.47,   69.77,  129.99,   41.23,   27.67,   55.24,   79.10,  335.81,  399.21,    9.58,   10.94,   25.45,   32.60,    6.59,   13.19,   12.36,    9.67,    6.24,    9.09,   10.04,   78.82,   48.33,   26.45,   18.25,   32.92,   30.39,   16.83,   62.50,   65.23,  124.85,   18.36,
   20.16,   18.73,   21.50,   52.37,   44.90,   56.43,   22.75,   67.83,   21.24,   29.48,   24.41,   11.37,   89.30,   15.38,   54.17,   26.51,   24.60,   49.54,   44.74,   70.55,   71.04,  134.54,   42.11,   28.12,   55.58,   81.47,  344.88,  402.14,   10.04,   11.17,   25.65,   33.66,    6.67,   13.30,   13.04,    9.80,    6.37,    9.29,   10.23,   80.95,   48.41,   26.94,   18.40,   33.10,   30.42,   17.16,   64.84,   66.60,  123.48,   18.54,
   19.98,   18.67,   21.50,   53.06,   46.09,   55.96,   22.50,   67.83,   21.13,   29.44,   24.60,   11.29,   88.11,   15.41,   53.95,   26.41,   24.13,   49.46,   44.80,   70.55,   70.41,  132.27,   42.31,   27.48,   55.07,   80.06,  336.17,  418.26,   10.26,   11.25,   25.59,   33.66,    6.76,   13.42,   12.94,    9.88,    6.43,    9.51,   10.25,   81.85,   48.25,   26.98,   18.30,   32.10,   30.32,   17.32,   65.12,   66.43,  123.91,   18.65,
   19.80,   18.85,   21.27,   52.68,   46.65,   55.19,   22.20,   67.75,   20.99,   28.82,   24.15,   11.33,   85.73,   15.02,   52.86,   26.08,   24.20,   49.13,   44.50,   71.91,   68.20,  132.27,   43.19,   27.03,   55.16,   78.04,  340.53,  413.86,   10.74,   11.22,   25.29,   34.65,    6.78,   13.75,   12.94,   10.22,    6.46,    9.63,   10.28,   86.76,   48.81,   26.94,   17.90,   31.29,   30.18,   17.45,   64.15,   66.08,  117.45,   18.58,
   19.83,   18.82,   21.39,   51.91,   45.62,   55.19,   22.01,   67.04,   21.34,   28.78,   24.53,   11.25,   88.90,   14.82,   52.20,   25.95,   23.99,   50.12,   44.14,   71.11,   67.25,  131.98,   42.92,   26.45,   55.33,   78.92,  336.90,  414.59,   10.61,   11.19,   25.39,   33.73,    6.75,   13.56,   13.01,   10.27,    6.43,    9.53,   10.33,   84.72,   49.45,   26.54,   18.00,   30.70,   30.60,   17.24,   64.15,   65.91,  121.76,   18.58,
   19.98,   18.76,   21.53,   52.06,   45.78,   56.12,   22.69,   67.36,   21.48,   29.68,   25.14,   11.29,   91.68,   15.07,   52.42,   26.28,   24.06,   50.44,   45.41,   71.46,   68.83,  133.69,   42.98,   27.03,   55.49,   79.71,  339.80,  422.65,   10.49,   11.19,   25.42,   34.12,    6.73,   13.53,   12.97,   10.18,    6.49,    9.55,   10.33,   84.72,   49.61,   26.94,   18.30,   31.51,   30.56,   17.24,   65.39,   66.77,  121.76,   18.65,
   19.87,   18.73,   21.47,   52.60,   45.86,   56.27,   23.34,   67.67,   21.51,   30.30,   25.52,   11.33,   89.70,   15.04,   52.20,   26.28,   24.09,   50.69,   44.68,   72.25,   67.25,  133.40,   42.78,   26.81,   55.83,   80.42,  335.44,  410.20,   10.52,   11.19,   25.26,   33.79,    6.71,   13.19,   12.91,   10.10,    6.40,    9.48,   10.23,   84.72,   49.69,   26.94,   18.20,   31.15,   30.56,   17.12,   65.19,   66.60,  121.76,   18.68,
   20.41,   18.82,   21.39,   52.14,   45.30,   55.96,   23.27,   67.43,   21.86,   30.14,   25.52,   11.21,   85.73,   14.85,   52.20,   25.95,   23.84,   50.85,   44.68,   70.66,   66.93,  133.69,   41.98,   26.45,   55.74,   80.94,  328.91,  406.54,   10.33,   11.17,   25.16,   33.46,    6.69,   12.90,   12.80,   10.05,    6.40,    9.36,   10.20,   84.31,   49.61,   27.08,   17.60,   30.70,   30.56,   16.99,   67.19,   65.83,  118.74,   18.94,
   20.70,   18.95,   21.50,   52.99,   45.94,   56.20,   23.76,   71.36,   22.11,   31.08,   25.78,   11.21,   86.12,   15.19,   54.83,   26.12,   23.99,   51.51,   45.29,   72.70,   67.56,  136.53,   42.05,   27.08,   56.41,   80.06,  341.25,  403.61,   10.45,   11.31,   25.49,   33.53,    6.74,   12.97,   12.91,   10.14,    6.43,    9.43,   10.17,   83.90,   50.17,   27.92,   17.40,   31.02,   30.91,   17.08,   67.19,   66.17,  119.61,   19.10,
   20.89,   19.23,   21.53,   52.22,   45.86,   55.19,   24.51,   71.21,   22.44,   31.53,   25.68,   11.33,   88.11,   15.52,   56.58,   26.51,   23.88,   51.35,   44.86,   72.78,   69.77,  135.11,   42.27,   27.80,   56.25,   79.62,  348.51,  417.52,   10.58,   11.28,   25.42,   33.53,    6.73,   13.16,   12.94,   10.10,    6.40,    9.55,   10.25,   85.13,   50.65,   27.38,   17.05,   31.56,   30.91,   17.12,   67.53,   65.06,  116.16,   19.02,
   20.60,   19.10,   21.50,   51.22,   43.55,   53.95,   23.53,   72.54,   22.48,   31.66,   25.87,   11.29,   88.90,   16.05,   57.02,   27.03,   24.27,   51.26,   44.50,   73.67,   69.14,  133.97,   41.98,   27.62,   56.00,   79.62,  350.69,  418.26,   10.42,   11.22,   25.26,   33.00,    6.74,   13.05,   12.80,    9.92,    6.34,    9.38,   10.17,   85.13,   50.57,   27.43,   16.80,   31.38,   30.77,   17.08,   67.95,   63.86,  115.73,   18.83,
   20.81,   19.29,   21.93,   51.53,   44.27,   55.27,   23.92,   72.07,   22.40,   31.94,   25.87,   11.18,   90.09,   15.92,   57.46,   27.09,   23.99,   51.67,   44.92,   75.96,   69.46,  138.52,   41.70,   27.80,   56.00,   79.54,  339.86,  429.51,   10.49,   11.33,   25.72,   33.40,    6.81,   13.34,   12.91,   10.05,    6.49,    9.38,   10.25,   85.94,   50.57,   27.43,   17.25,   32.24,   30.67,   17.28,   68.70,   64.89,  115.30,   19.02,
   21.32,   19.72,   22.19,   52.06,   45.38,   54.65,   23.99,   70.42,   22.55,   33.75,   26.13,   11.06,   89.30,   15.96,   57.46,   27.48,   23.06,   51.67,   44.68,   76.40,   69.14,  137.39,   41.70,   27.85,   56.50,   78.66,  328.33,  459.32,   10.36,   11.31,   26.11,   33.79,    6.82,   13.23,   12.94,   10.01,    6.52,    9.48,   10.20,   86.35,   50.73,   27.90,   17.05,   32.10,   31.15,   17.24,   67.26,   64.63,  114.87,   19.02,
   21.65,   19.72,   21.82,   51.37,   44.82,   54.03,   24.08,   69.64,   22.51,   33.67,   26.10,   10.87,   87.71,   15.77,   56.58,   27.32,   22.34,   51.18,   44.20,   75.79,   68.83,  137.39,   41.55,   27.39,   56.83,   77.51,  333.33,  473.83,   10.64,   11.25,   25.98,   33.40,    6.79,   13.23,   12.97,    9.97,    6.46,    9.60,   10.17,   85.94,   50.57,   27.96,   16.90,   31.33,   31.15,   17.16,   67.60,   63.69,  112.72,   19.10,
   21.79,   20.07,   22.02,   52.06,   45.62,   54.80,   24.63,   71.21,   22.88,   34.21,   26.77,   11.10,   90.09,   15.89,   58.56,   27.87,   23.13,   51.10,   45.17,   77.55,   73.25,  139.38,   42.41,   27.76,   57.33,   79.18,  331.02,  490.75,   11.21,   11.56,   26.45,   34.79,    7.07,   13.79,   13.45,   10.22,    6.70,    9.98,   10.47,   85.94,   50.89,   29.47,   17.05,   32.19,   31.40,   17.78,   70.02,   64.54,  116.16,   19.60,
   22.01,   20.41,   22.22,   52.53,   46.01,   55.11,   25.28,   73.72,   23.14,   34.37,   27.09,   11.02,   89.30,   16.17,   59.66,   27.71,   23.49,   50.85,   46.68,   78.61,   74.19,  142.22,   41.98,   27.98,   57.59,   79.89,  336.79,  469.80,   11.24,   11.42,   26.58,   34.79,    7.08,   14.15,   13.65,   10.53,    6.76,    9.90,   10.47,   87.17,   50.41,   30.01,   17.10,   33.51,   31.43,   17.82,   68.98,   64.97,  116.59,   19.53,
   21.72,   20.50,   22.53,   52.83,   46.49,   55.50,   25.32,   73.72,   23.11,   36.75,   26.96,   10.95,   89.70,   16.14,   58.78,   27.26,   23.56,   50.85,   47.04,   77.38,   73.56,  142.79,   40.84,   27.26,   57.75,   79.27,  337.17,  470.60,   11.18,   11.39,   26.91,   35.55,    7.09,   14.04,   13.55,   10.57,    6.82,    9.90,   10.44,   87.68,   50.25,   29.74,   16.85,   32.78,   31.50,   17.82,   68.98,   64.89,  114.87,   20.03,
   21.29,   20.19,   22.19,   52.45,   46.09,   56.04,   25.06,   76.24,   23.07,   36.85,   26.54,   11.02,   89.70,   15.99,   58.78,   26.70,   23.34,   50.77,   46.32,   75.26,   75.14,  138.81,   38.54,   27.12,   57.67,   73.73,  336.79,  485.11,   11.34,   11.48,   26.58,   35.27,    7.11,   14.08,   13.58,   10.48,    7.06,    9.83,   10.47,   88.95,   50.25,   29.04,   17.15,   32.46,   31.57,   18.19,   68.98,   64.89,  111.86,   19.80,
   21.65,   20.38,   22.65,   52.83,   46.81,   56.20,   25.54,   75.84,   22.96,   36.80,   26.96,   10.98,   86.92,   15.86,   59.22,   26.08,   23.52,   49.95,   46.62,   76.32,   77.04,  137.67,   38.61,   27.53,   57.75,   72.67,  341.79,  485.91,   11.40,   11.56,   26.45,   35.20,    7.15,   14.23,   13.58,   10.40,    7.15,    9.85,   10.44,   89.37,   50.25,   28.55,   17.20,   33.91,   31.78,   18.19,   68.15,   65.14,  114.44,   20.03,
   21.98,   20.87,   22.65,   53.14,   47.60,   56.27,   25.32,   76.63,   23.03,   36.54,   26.96,   11.06,   87.71,   15.80,   59.66,   26.25,   23.31,   49.79,   46.62,   76.93,   75.77,  134.26,   38.40,   27.89,   57.25,   73.29,  356.01,  483.50,   12.00,   11.81,   27.34,   35.76,    7.28,   14.60,   13.85,   10.53,    7.24,   10.15,   10.85,   94.46,   50.17,   28.93,   17.50,   36.04,   31.64,   18.90,   67.60,   65.31,  115.73,   20.35,
   22.12,   20.69,   22.65,   53.22,   47.37,   55.73,   24.76,   77.34,   23.00,   37.28,   26.45,   10.98,   88.50,   15.86,   58.78,   25.79,   23.06,   50.03,   46.92,   76.85,   74.83,  129.42,   37.61,   27.39,   56.58,   71.71,  348.32,  485.11,   12.03,   11.62,   27.24,   35.27,    7.18,   14.38,   13.85,   10.44,    7.18,   10.00,   10.74,   97.00,   49.37,   28.23,   17.25,   34.77,   31.09,   18.73,   67.05,   65.06,  113.15,   20.11,
   22.08,   20.69,   22.45,   53.45,   47.76,   55.65,   24.76,   75.22,   23.00,   37.07,   25.81,   10.91,   88.50,   15.74,   57.46,   25.68,   22.95,   50.03,   46.01,   73.67,   71.67,  130.27,   37.97,   27.26,   56.66,   71.71,  349.86,  474.63,   11.74,   11.53,   27.54,   34.75,    7.01,   14.01,   13.71,   10.31,    7.06,    9.80,   10.50,   92.76,   48.89,   27.52,   17.85,   34.64,   30.53,   18.36,   67.33,   65.06,  106.70,   19.68,
   21.87,   20.56,   22.54,   53.75,   47.05,   54.80,   24.63,   74.34,   22.81,   36.17,   25.06,   10.79,   87.31,   15.27,   57.02,   25.22,   22.55,   49.38,   45.77,   73.14,   70.41,  128.57,   37.97,   26.72,   56.81,   71.44,  352.94,  470.60,   11.81,   11.48,   27.44,   34.37,    7.07,   14.08,   13.71,   10.18,    7.27,   10.03,   10.64,   90.65,   48.81,   26.47,   17.60,   34.23,   30.53,   18.40,   65.81,   64.20,   99.38,   19.53,
   21.72,   20.47,   22.76,   54.06,   47.76,   55.42,   24.63,   76.17,   22.92,   36.07,   25.67,   10.79,   87.31,   15.11,   57.24,   26.21,   22.45,   49.30,   45.57,   74.02,   70.72,  133.69,   38.04,   26.76,   56.99,   73.11,  353.71,  475.44,   11.74,   11.69,   27.36,   34.51,    7.09,   14.41,   13.71,   10.31,    7.09,   10.10,   10.76,   89.80,   49.53,   26.74,   18.20,   33.87,   30.71,   18.36,   66.50,   64.20,   98.52,   19.76,
   21.32,   20.28,   22.96,   54.06,   47.76,   55.19,   25.48,   76.33,   22.85,   37.01,   25.40,   10.72,   87.31,   15.23,   57.90,   25.85,   22.38,   49.46,   46.12,   73.31,   70.41,  135.68,   38.04,   26.54,   57.16,   72.76,  353.71,  502.03,   12.15,   11.69,   27.73,   34.47,    7.09,   14.34,   13.71,   10.14,    7.15,   10.13,   10.81,   94.46,   49.85,   26.93,   17.90,   33.96,   30.71,   18.48,   66.50,   64.20,   99.81,   19.84,
   21.00,   20.10,   24.53,   53.75,   47.68,   54.65,   25.90,   76.73,   22.70,   36.49,   26.07,   10.64,   86.52,   15.05,   57.68,   26.49,   22.30,   49.05,   48.12,   75.43,   70.72,  131.13,   37.97,   26.13,   57.79,   76.10,  350.63,  492.36,   11.96,   11.66,   27.58,   34.44,    7.05,   14.01,   13.68,   10.14,    7.12,   10.03,   10.78,   97.00,   49.77,   27.31,   17.60,   33.05,   30.90,   18.32,   66.57,   63.77,   98.95,   20.03,
   21.00,   19.88,   24.08,   53.68,   47.68,   55.19,   25.32,   79.36,   22.77,   35.64,   26.01,   10.60,   90.09,   15.05,   57.46,   27.23,   22.55,   48.89,   47.29,   75.17,   71.04,  128.57,   37.76,   26.04,   58.14,   75.40,  351.40,  493.17,   11.84,   11.51,   27.29,   34.26,    7.04,   13.86,   13.89,   10.10,    7.06,    9.78,   10.67,   97.00,   50.09,   27.52,   17.50,   33.23,   30.90,   18.23,   67.95,   63.52,  100.68,   20.31,
   20.89,   19.79,   24.28,   54.68,   48.08,   54.65,   25.35,   79.36,   22.81,   35.28,   26.21,   10.68,   93.66,   15.23,   59.22,   26.81,   22.66,   49.30,   47.02,   74.46,   71.98,  132.27,   37.97,   26.27,   57.88,   75.84,  352.17,  490.75,   11.52,   11.42,   27.00,   33.57,    6.93,   13.82,   13.68,    9.45,    6.85,    9.58,   10.44,   95.73,   50.33,   27.41,   17.60,   33.46,   30.68,   17.99,   69.67,   63.26,  102.40,   20.15,
   20.92,   20.10,   24.02,   54.14,   48.08,   54.65,   25.38,   80.96,   22.74,   35.54,   26.24,   10.60,   92.47,   15.27,   59.00,   26.28,   22.45,   49.13,   47.22,   72.70,   71.67,  130.84,   37.40,   26.09,   57.79,   76.10,  348.32,  498.81,   11.56,   11.45,   27.00,   34.02,    6.89,   13.71,   13.68,    9.54,    7.03,    9.60,   10.47,   95.31,   50.41,   27.36,   17.50,   32.87,   30.68,   18.27,   68.15,   63.17,  101.54,   19.96,
   21.87,   20.59,   23.89,   54.44,   48.96,   55.27,   25.54,   80.96,   22.70,   35.64,   26.48,   10.53,   93.27,   15.42,   59.22,   26.70,   22.66,   49.30,   47.15,   72.25,   70.09,  131.70,   37.40,   25.54,   57.79,   76.10,  344.48,  518.95,   11.96,   11.69,   27.54,   34.51,    6.99,   14.08,   14.00,    9.67,    7.18,    9.80,   10.90,   95.73,   50.57,   28.06,   17.15,   32.24,   30.82,   18.52,   68.43,   63.17,  102.40,   20.15,
   21.79,   20.78,   23.86,   54.14,   49.03,   54.65,   25.19,   80.56,   22.59,   35.70,   25.80,   10.33,   93.27,   15.20,   58.34,   26.31,   22.55,   48.89,   47.57,   71.02,   69.14,  130.56,   37.18,   25.27,   57.34,   73.73,  343.71,  515.73,   11.90,   11.69,   27.29,   34.33,    6.98,   14.23,   14.17,    9.62,    7.21,    9.90,   10.87,   99.96,   50.97,   27.90,   17.20,   31.88,   30.82,   18.65,   67.95,   62.83,  102.40,   19.88,
   21.29,   19.79,   23.18,   53.06,   47.76,   54.26,   24.22,   77.45,   22.18,   35.22,   25.06,   10.03,   88.90,   14.76,   59.61,   25.47,   21.87,   48.15,   46.19,   68.01,   71.64,  125.44,   35.89,   24.64,   57.07,   71.88,  331.41,  513.31,   11.46,   11.24,   26.74,   32.91,    6.73,   13.75,   13.68,    9.37,    6.88,    9.63,   10.50,   97.00,   50.57,   27.04,   16.60,   30.83,   30.38,   18.27,   66.43,   61.21,   95.94,   19.64,
   21.36,   19.66,   22.63,   53.37,   48.80,   54.41,   24.43,   77.45,   22.22,   35.33,   25.40,   10.14,   89.30,   14.54,   59.36,   25.54,   21.73,   48.23,   45.85,   66.25,   71.79,  124.02,   35.78,   24.96,   57.52,   73.03,  336.79,  506.87,   11.15,   11.12,   26.60,   32.49,    6.61,   13.38,   13.46,    9.19,    6.73,    9.38,   10.36,   93.61,   50.57,   26.77,   16.45,   30.83,   30.71,   17.95,   65.53,   61.03,   90.35,   19.64,
   21.58,   19.79,   22.92,   53.52,   48.88,   54.88,   24.94,   79.52,   22.55,   35.64,   25.40,    9.99,   93.66,   14.67,   59.86,   25.50,   21.55,   48.23,   46.19,   65.81,   71.06,  121.74,   35.46,   25.23,   57.61,   73.82,  335.64,  502.84,   11.34,   11.30,   26.85,   32.42,    6.70,   13.53,   13.82,    9.28,    6.79,    9.45,   10.39,   92.34,   50.57,   26.87,   16.20,   30.47,   31.01,   18.09,   66.22,   61.29,   92.50,   19.96,
   21.47,   19.90,   23.92,   54.52,   49.27,   54.65,   25.18,   79.36,   22.59,   35.22,   25.46,    9.99,   92.87,   14.23,   60.35,   25.50,   21.48,   48.72,   45.02,   66.25,   71.43,  120.60,   35.82,   25.23,   57.88,   73.38,  334.87,  502.84,   11.65,   11.45,   27.18,   32.35,    6.76,   13.60,   14.03,    9.24,    6.94,    9.53,   10.47,   95.73,   50.17,   26.71,   16.10,   30.52,   31.27,   18.23,   66.57,   61.72,   87.34,   19.99,
   21.39,   19.52,   23.86,   54.52,   49.11,   55.19,   25.59,   78.17,   22.48,   34.28,   25.06,    9.95,   96.44,   13.82,   56.36,   25.36,   20.66,   48.31,   45.23,   66.34,   66.57,  121.46,   34.82,   24.96,   58.32,   72.67,  335.64,  471.41,   11.46,   11.30,   27.25,   32.07,    6.90,   13.45,   13.78,    9.15,    6.76,    9.56,   10.50,  100.39,   50.41,   27.09,   15.45,   29.97,   30.90,   18.37,   65.53,   61.55,   88.63,   20.15,
   21.79,   20.03,   24.21,   54.68,   49.27,   55.03,   25.56,   79.36,   22.48,   34.12,   25.29,    9.91,   96.44,   13.76,   54.12,   25.71,   20.87,   48.48,   45.71,   67.66,   67.44,  121.17,   32.56,   24.82,   59.39,   73.29,  336.40,  480.27,   11.52,   11.36,   27.40,   32.49,    6.80,   13.42,   14.03,    9.11,    6.79,    9.66,   10.50,   97.85,   50.89,   27.09,   15.50,   29.70,   30.79,   18.37,   65.32,   62.83,   92.50,   19.88,
   22.48,   20.27,   24.15,   55.29,   49.99,   55.50,   25.28,   80.56,   22.55,   35.01,   25.74,   10.10,   97.24,   14.23,   55.12,   25.08,   20.91,   48.80,   45.50,   67.40,   68.38,  119.47,   32.96,   25.14,   59.39,   72.06,  342.17,  475.44,   11.52,   11.45,   27.40,   32.39,    6.81,   13.60,   14.07,    9.19,    6.79,    9.98,   10.47,   96.15,   50.81,   26.87,   15.65,   30.29,   30.75,   18.46,   66.43,   63.60,   90.35,   20.07,
   23.10,   20.57,   23.99,   55.21,   49.83,   55.89,   25.76,   78.57,   22.66,   35.80,   25.53,   10.22,   96.84,   14.48,   55.62,   25.71,   21.70,   49.05,   46.05,   69.60,   69.40,  120.89,   33.53,   26.36,   59.66,   73.99,  365.24,  495.58,   11.78,   11.48,   27.51,   32.46,    6.83,   13.79,   14.14,    9.32,    6.79,   10.09,   10.70,   99.12,   50.81,   27.52,   16.70,   32.37,   30.75,   18.37,   67.53,   63.52,   92.07,   20.15,
   23.10,   20.88,   24.08,   55.14,   50.15,   56.35,   25.76,   78.96,   23.00,   36.43,   25.33,   10.18,   96.05,   14.42,   54.12,   26.00,   21.98,   49.62,   47.15,   70.66,   68.16,  125.15,   35.10,   26.18,   59.92,   73.99,  366.78,  502.84,   11.81,   11.60,   27.54,   32.94,    6.85,   13.97,   14.14,    9.28,    6.82,   10.06,   10.78,  100.81,   50.73,   27.41,   17.50,   32.42,   30.82,   18.37,   67.81,   63.94,   93.36,   20.27,
   22.74,   20.74,   24.05,   55.29,   50.54,   56.82,   25.42,   77.85,   23.74,   36.01,   25.40,   10.07,   96.05,   14.51,   53.62,   25.54,   22.02,   49.38,   46.74,   71.55,   67.15,  126.01,   35.82,   26.13,   59.66,   73.03,  362.93,  524.59,   11.71,   11.54,   27.44,   32.70,    6.81,   13.90,   14.14,    9.32,    6.79,   10.01,   10.78,  101.24,   50.33,   27.85,   16.75,   32.37,   30.79,   18.37,   67.05,   64.97,   93.79,   20.38,
   22.63,   20.47,   24.34,   55.21,   50.78,   56.74,   25.35,   78.25,   23.48,   35.80,   25.19,   10.14,   98.03,   14.48,   53.87,   25.15,   21.52,   48.64,   46.67,   71.37,   67.00,  125.15,   35.57,   26.22,   60.01,   74.08,  359.09,  520.56,   11.74,   11.48,   27.14,   32.35,    6.80,   13.71,   14.21,    9.19,    6.82,    9.90,   10.70,   99.12,   50.49,   27.85,   16.20,   32.24,   30.94,   18.32,   66.70,   65.06,   94.22,   20.19,
   22.70,   20.51,   24.11,   55.06,   50.86,   56.27,   25.66,   78.57,   23.40,   35.17,   25.70,   10.14,   96.44,   14.29,   53.37,   25.78,   21.66,   48.80,   46.81,   71.02,   66.50,  125.15,   35.36,   27.12,   60.46,   74.34,  354.86,  529.43,   11.56,   11.48,   27.03,   32.11,    6.78,   13.56,   14.07,    9.19,    6.76,   10.01,   10.59,   99.54,   50.65,   28.23,   16.15,   33.69,   31.01,   18.27,   66.43,   64.46,   92.50,   20.15,
   23.25,   20.85,   24.57,   55.67,   51.58,   56.97,   25.79,   76.49,   23.55,   35.28,   25.84,   10.26,   96.84,   14.58,   53.87,   25.82,   21.80,   48.64,   47.36,   69.69,   66.86,  126.01,   34.89,   27.44,   60.37,   79.54,  365.24,  539.90,   11.71,   11.54,   27.62,   32.70,    6.83,   13.67,   14.10,    9.28,    6.85,   10.03,   10.73,   99.96,   50.89,   28.66,   16.70,   34.64,   31.23,   18.41,   67.53,   65.06,   94.22,   20.38,
   23.83,   21.01,   25.11,   57.59,   53.25,   58.21,   26.92,   77.21,   23.81,   36.07,   26.48,   10.49,   99.22,   14.73,   57.36,   26.28,   22.09,   49.95,   48.05,   71.46,   71.50,  129.71,   35.10,   27.58,   61.26,   79.62,  369.08,  576.97,   12.15,   11.96,   28.57,   33.74,    7.02,   14.15,   14.60,    9.62,    7.09,   10.33,   11.01,  105.89,   51.69,   29.09,   17.00,   34.82,   31.90,   19.10,   68.91,   66.86,   98.09,   20.66,
   23.97,   21.01,   25.05,   57.52,   53.01,   57.98,   27.78,   78.33,   23.89,   36.28,   26.41,   10.68,   98.43,   15.17,   57.61,   26.49,   22.20,   50.03,   47.91,   72.43,   72.51,  129.42,   34.85,   27.48,   61.44,   80.50,  372.93,  608.40,   12.15,   11.84,   28.46,   33.81,    7.01,   14.19,   14.89,    9.58,    7.06,   10.38,   11.07,  104.20,   51.21,   29.31,   16.90,   34.18,   32.09,   19.47,   70.02,   67.11,   96.80,   20.42,
   23.90,   21.12,   25.11,   57.98,   53.09,   58.68,   27.54,   78.96,   23.89,   36.28,   26.62,   10.60,  100.01,   15.17,   57.61,   27.13,   22.73,   50.20,   48.12,   72.52,   74.33,  131.98,   35.39,   27.80,   61.53,   80.86,  367.55,  588.25,   12.22,   11.84,   28.97,   34.09,    7.02,   14.30,   15.10,    9.62,    7.03,   10.43,   11.10,  105.47,   51.29,   29.74,   16.75,   34.46,   32.13,   19.65,   68.98,   67.37,   95.51,   20.62,
   23.86,   21.18,   25.02,   57.44,   53.17,   58.06,   27.09,   78.41,   23.77,   36.33,   26.48,   10.49,  100.01,   15.11,   57.36,   26.84,   22.45,   49.62,   47.84,   71.64,   73.97,  130.56,   35.18,   27.58,   60.99,   79.10,  365.24,  589.87,   12.15,   11.84,   28.53,   33.88,    6.98,   14.08,   14.89,    9.49,    7.00,   10.35,   11.07,  103.78,   51.13,   28.66,   16.45,   33.23,   32.02,   19.38,   69.67,   66.00,   94.22,   20.81,
   23.68,   21.29,   25.18,   57.52,   53.41,   58.44,   27.51,   78.33,   23.74,   37.12,   26.55,   10.56,  100.01,   15.36,   57.36,   26.91,   22.66,   50.20,   48.67,   71.55,   73.24,  130.84,   34.93,   27.62,   61.26,   82.35,  367.93,  601.15,   12.53,   11.90,   28.89,   33.88,    7.03,   14.19,   14.82,    9.62,    7.00,   10.43,   11.27,  106.74,   50.89,   28.98,   16.25,   33.82,   31.87,   19.74,   69.33,   66.08,   94.65,   20.73,
   24.26,   21.46,   25.50,   57.82,   53.72,   58.83,   27.64,   78.65,   24.07,   37.38,   26.55,   10.53,  101.20,   15.36,   57.36,   26.84,   22.41,   50.85,   49.28,   72.43,   72.37,  129.14,   34.24,   27.62,   61.35,   83.14,  364.09,  588.25,   12.69,   12.02,   28.68,   34.09,    7.04,   14.23,   14.89,    9.54,    7.09,   10.46,   11.27,  107.59,   51.29,   29.42,   15.80,   33.60,   31.94,   19.70,   69.33,   66.51,   95.08,   20.85,
   24.19,   21.46,   25.50,   57.82,   53.96,   58.83,   27.54,   78.25,   24.07,   37.01,   26.52,   10.60,  102.00,   15.58,   57.86,   27.16,   22.45,   50.69,   48.87,   72.34,   72.88,  130.56,   34.28,   27.62,   61.35,   85.78,  362.93,  577.78,   12.59,   12.08,   28.79,   34.02,    7.04,   14.23,   15.03,    9.49,    7.12,   10.57,   11.32,  109.28,   51.13,   29.09,   16.10,   34.46,   32.05,   20.02,   70.71,   66.86,   93.36,   20.77,
   23.54,   21.35,   25.60,   58.44,   54.04,   58.91,   27.54,   78.41,   24.03,   36.49,   27.30,   10.60,  103.19,   15.58,   58.86,   27.13,   22.13,   49.21,   49.28,   70.31,   72.51,  132.27,   34.14,   28.03,   61.35,   89.74,  357.55,  593.09,   13.07,   12.11,   28.42,   33.71,    7.11,   14.27,   15.31,    9.54,    7.15,   10.70,   11.58,  116.91,   50.81,   29.69,   16.15,   35.81,   32.13,   20.39,   68.08,   67.20,   93.79,   20.62,
   23.47,   21.25,   25.69,   58.75,   53.96,   58.91,   27.44,   79.20,   23.89,   36.07,   27.30,   10.49,  103.19,   15.42,   58.61,   26.49,   21.77,   49.30,   48.73,   68.46,   72.22,  129.14,   33.92,   27.44,   61.70,   87.37,  342.94,  583.42,   13.16,   12.14,   28.35,   33.92,    7.14,   14.23,   15.10,    9.62,    7.09,   10.65,   11.61,  114.79,   50.89,   29.36,   16.20,   35.77,   32.05,   20.48,   66.77,   67.63,   94.65,   20.85,
   24.23,   21.25,   26.30,   59.44,   54.28,   59.37,   27.92,   78.80,   24.03,   36.07,   27.13,   10.53,  102.00,   15.48,   58.36,   25.89,   21.95,   49.79,   48.94,   67.40,   71.64,  127.15,   33.92,   27.53,   62.33,   84.81,  347.55,  581.81,   13.76,   12.32,   28.31,   33.57,    7.16,   14.12,   15.17,    9.84,    7.12,   10.59,   11.98,  114.37,   51.05,   29.04,   16.60,   36.49,   32.31,   20.80,   67.46,   68.14,   95.08,   21.24,
   24.66,   21.35,   26.30,   59.51,   54.36,   58.99,   28.05,   79.04,   23.96,   35.80,   26.69,   10.53,  103.59,   15.55,   58.61,   25.96,   21.62,   50.03,   49.08,   67.40,   71.72,  127.43,   35.00,   28.16,   62.33,   86.40,  349.48,  577.78,   13.54,   12.26,   28.17,   33.33,    7.11,   13.93,   14.99,    9.75,    7.00,   10.49,   11.83,  113.94,   51.05,   29.47,   16.40,   36.95,   31.87,   20.71,   67.81,   68.48,   99.81,   21.20,
   24.08,   21.42,   26.27,   58.98,   53.88,   59.14,   29.01,   79.68,   24.00,   35.75,   26.75,   10.53,  102.79,   15.96,   58.61,   26.24,   22.91,   50.44,   49.15,   68.54,   71.93,  128.00,   36.04,   29.61,   62.33,   86.49,  345.25,  577.78,   13.51,   12.20,   28.20,   33.40,    7.16,   14.08,   15.06,    9.75,    7.03,   10.51,   11.89,  111.40,   51.29,   30.17,   17.25,   38.17,   32.24,   20.85,   68.84,   69.08,  106.70,   21.36,
   24.26,   21.59,   26.11,   58.90,   54.36,   58.52,   29.42,   77.85,   23.96,   36.22,   26.75,   10.60,  103.59,   15.83,   58.61,   26.38,   23.49,   50.85,   49.77,   70.13,   71.79,  127.43,   36.32,   29.24,   62.33,   86.93,  337.56,  571.33,   13.16,   12.20,   28.06,   33.22,    7.13,   14.04,   14.96,    9.62,    7.03,   10.49,   11.75,  113.94,   51.61,   30.82,   17.50,   38.49,   32.57,   20.39,   69.33,   68.91,  104.12,   21.32,
   24.30,   21.46,   26.11,   59.13,   54.44,   58.91,   29.52,   79.04,   23.89,   36.22,   26.62,   10.60,  103.98,   15.83,   57.11,   26.67,   23.63,   50.85,   49.22,   70.05,   70.77,  127.15,   36.11,   29.52,   62.33,   86.31,  345.25,  569.72,   13.32,   12.26,   28.02,   33.22,    7.14,   14.04,   14.99,    9.71,    7.06,   10.51,   11.86,  111.82,   51.37,   30.23,   17.40,   38.30,   32.69,   20.80,   70.02,   69.25,  107.13,   21.71,
   24.19,   21.49,   26.05,   59.67,   53.64,   59.30,   30.62,   84.55,   23.96,   36.54,   26.45,   10.56,  104.38,   15.67,   58.11,   26.53,   22.98,   50.77,   48.46,   70.22,   70.56,  129.71,   36.11,   28.75,   62.06,   83.32,  329.10,  562.47,   13.57,   12.41,   28.20,   34.02,    7.15,   14.08,   15.21,    9.92,    7.15,   10.65,   12.12,  114.37,   51.29,   30.01,   16.40,   37.44,   32.65,   21.21,   70.36,   69.17,  106.27,   21.98,
   24.16,   21.35,   25.43,   59.59,   52.77,   58.91,   29.59,   87.74,   23.89,   36.22,   26.18,   10.49,  104.38,   15.92,   57.86,   25.78,   23.27,   50.12,   48.87,   69.69,   70.41,  125.72,   35.53,   28.57,   62.15,   83.93,  319.49,  562.47,   13.51,   12.32,   28.09,   33.78,    7.11,   13.97,   15.03,   10.18,    7.18,   10.65,   11.98,  111.82,   51.21,   30.01,   16.35,   37.58,   32.43,   21.08,   68.57,   69.17,  103.26,   21.79,
   24.74,   21.69,   26.14,   59.51,   52.77,   58.91,   29.69,   86.94,   24.03,   36.54,   26.89,   10.64,  102.00,   16.02,   58.86,   25.54,   23.34,   50.69,   49.15,   70.84,   70.77,  125.72,   35.71,   29.02,   62.24,   82.97,  317.18,  579.39,   13.63,   12.47,   28.35,   34.09,    7.24,   14.12,   15.46,   10.18,    7.18,   10.62,   12.03,  113.10,   51.29,   30.17,   16.20,   39.66,   32.80,   21.21,   69.33,   69.17,  106.27,   22.64,
   25.35,   21.73,   26.37,   59.67,   52.61,   59.76,   29.80,   85.35,   24.03,   36.75,   26.35,   10.64,  102.40,   15.80,   58.86,   25.32,   23.27,   50.28,   50.93,   70.40,   70.41,  125.44,   35.61,   28.84,   62.68,   81.74,  318.72,  585.84,   13.41,   12.38,   28.49,   34.26,    7.35,   14.49,   15.46,   10.44,    7.21,   10.62,   11.95,  113.94,   51.53,   29.04,   16.45,   38.94,   32.84,   21.17,   68.70,   69.34,  104.12,   22.64,
   24.95,   21.59,   26.30,   59.51,   52.29,   59.61,   29.08,   85.35,   23.81,   36.64,   26.72,   10.68,  102.00,   15.55,   59.11,   25.50,   23.27,   50.69,   49.90,   68.63,   70.77,  125.15,   35.61,   27.71,   63.93,   81.38,  315.26,  573.75,   13.29,   12.20,   27.95,   33.78,    7.30,   14.49,   15.42,   10.27,    7.15,   10.62,   11.72,  110.98,   52.09,   28.66,   16.30,   37.17,   32.31,   20.71,   68.50,   70.11,  103.26,   22.26,
   24.55,   21.32,   25.79,   58.51,   51.10,   59.14,   29.39,   85.35,   23.48,   36.43,   26.38,   10.64,  102.00,   15.23,   58.36,   25.61,   23.27,   50.44,   50.87,   69.78,   70.56,  124.02,   35.25,   27.35,   63.22,   81.12,  315.26,  576.17,   13.16,   12.08,   27.80,   33.29,    7.24,   14.56,   15.14,   10.05,    7.09,   10.57,   11.55,  106.74,   51.85,   29.42,   16.00,   36.27,   32.57,   20.43,   68.15,   69.59,   98.52,   21.63,
   24.30,   21.12,   25.82,   58.13,   49.51,   58.52,   28.91,   82.15,   23.22,   36.75,   26.01,   10.41,  102.00,   15.01,   56.36,   25.36,   23.06,   50.03,   51.21,   69.07,   69.11,  121.46,   34.85,   26.99,   62.77,   82.26,  308.34,  563.27,   12.82,   11.87,   27.51,   32.66,    7.16,   14.38,   14.96,    9.88,    7.12,   10.59,   11.49,  107.59,   51.85,   29.31,   15.90,   36.49,   32.46,   20.16,   67.33,   69.34,   98.95,   21.67,
   24.34,   21.12,   26.01,   59.67,   50.78,   58.91,   28.98,   81.76,   23.29,   36.96,   26.14,   10.33,  100.81,   15.52,   57.11,   25.78,   23.13,   50.03,   49.70,   68.99,   69.98,  121.17,   34.50,   27.12,   62.59,   84.46,  311.41,  539.10,   12.72,   12.02,   27.54,   32.49,    7.20,   14.38,   14.96,    9.92,    7.15,   10.59,   11.66,  111.40,   52.33,   29.69,   15.90,   37.13,   32.54,   20.07,   65.95,   69.68,   98.52,   21.67,
   24.85,   21.49,   26.69,   62.97,   53.01,   61.70,   30.52,   83.75,   23.29,   37.64,   26.52,   10.49,  102.40,   15.45,   57.61,   25.96,   23.41,   50.69,   50.18,   69.87,   70.05,  123.16,   36.18,   27.67,   62.77,   84.55,  310.65,  551.19,   12.91,   12.08,   27.69,   32.80,    7.27,   14.49,   15.31,   10.01,    7.12,   10.81,   11.81,  111.40,   52.89,   29.63,   15.85,   37.35,   32.91,   20.48,   66.77,   70.11,  100.24,   22.22,
   24.52,   21.49,   26.27,   62.97,   53.56,   62.94,   31.68,   83.75,   23.25,   38.86,   26.48,   10.45,  103.19,   15.20,   57.86,   26.07,   23.41,   50.77,   50.66,   69.52,   69.90,  123.45,   36.54,   27.85,   63.22,   82.79,  299.88,  539.90,   12.94,   12.14,   27.76,   32.87,    7.27,   14.49,   15.39,    9.85,    7.15,   10.83,   11.86,  107.59,   53.37,   30.12,   15.40,   36.90,   32.98,   20.43,   65.19,   70.11,   98.52,   22.37,
   24.19,   21.01,   26.34,   61.43,   52.93,   63.17,   30.65,   82.15,   23.03,   37.54,   26.11,   10.22,  101.60,   15.11,   56.36,   25.85,   23.38,   49.62,   48.94,   69.52,   67.66,  122.31,   36.54,   27.26,   63.57,   81.65,  289.12,  502.84,   12.50,   11.84,   27.44,   32.42,    7.13,   13.97,   14.92,    9.68,    6.91,   10.78,   11.58,  105.05,   53.05,   30.55,   15.05,   35.32,   32.43,   20.07,   64.70,   70.02,   98.52,   22.29,
   23.68,   20.98,   26.21,   61.05,   52.45,   62.78,   30.17,   83.75,   22.96,   37.54,   25.94,   10.22,   98.03,   15.23,   55.87,   26.14,   23.38,   49.79,   49.28,   69.25,   67.44,  122.88,   36.82,   27.17,   63.40,   80.94,  292.58,  514.92,   12.59,   11.78,   27.22,   32.46,    7.09,   13.86,   14.89,    9.81,    6.94,   10.81,   11.47,  101.24,   52.97,   30.06,   15.10,   35.68,   32.76,   20.02,   64.29,   69.51,  100.24,   22.06,
   23.61,   21.05,   25.72,   62.58,   53.64,   63.09,   30.99,   82.55,   23.00,   37.54,   25.91,   10.37,  101.20,   15.33,   56.86,   26.42,   23.20,   50.03,   50.25,   71.11,   68.60,  121.74,   38.26,   26.99,   63.40,   83.14,  301.80,  540.71,   12.72,   11.75,   27.22,   32.59,    7.05,   13.93,   14.67,    9.81,    6.91,   10.67,   11.41,  102.93,   52.73,   30.98,   15.40,   35.86,   33.24,   20.07,   64.01,   68.74,   99.38,   22.22,
   23.97,   21.18,   25.63,   63.89,   53.56,   63.64,   32.16,   82.95,   22.92,   37.70,   26.21,   10.18,   99.62,   15.42,   56.36,   26.35,   23.02,   50.03,   50.18,   73.31,   68.02,  122.88,   38.26,   26.27,   63.40,   81.47,  297.57,  557.63,   12.75,   11.75,   27.03,   32.21,    7.02,   14.15,   14.71,    9.68,    6.94,   10.70,   11.35,  105.05,   52.97,   31.42,   15.00,   35.41,   32.84,   19.97,   65.32,   68.22,   99.38,   21.83,
   24.19,   21.69,   25.43,   64.89,   54.20,   63.95,   31.51,   86.54,   22.92,   37.43,   26.38,   10.26,  100.01,   15.48,   56.86,   26.38,   22.81,   50.69,   50.18,   73.31,   68.38,  131.13,   39.19,   26.58,   63.40,   82.26,  297.57,  545.54,   12.69,   11.93,   27.07,   32.35,    7.04,   14.08,   14.64,    9.72,    6.94,   10.65,   11.41,  104.62,   53.05,   30.88,   14.65,   36.18,   33.06,   19.97,   65.95,   68.22,   99.81,   21.98,
   24.16,   21.83,   25.69,   66.73,   54.92,   66.89,   31.20,   86.94,   23.07,   37.59,   26.89,   10.60,  103.19,   16.24,   59.11,   27.09,   23.16,   50.85,   50.32,   76.93,   70.12,  139.95,   39.90,   27.08,   64.11,   87.81,  303.72,  540.71,   13.10,   12.11,   27.69,   32.80,    7.13,   14.12,   14.85,    9.85,    7.00,   10.62,   11.61,  104.20,   53.45,   32.98,   14.85,   37.81,   33.06,   20.48,   66.70,   71.31,  100.68,   22.45,
   24.34,   21.86,   25.53,   69.11,   55.63,   68.83,   32.09,   86.94,   23.18,   37.80,   27.03,   10.60,  101.20,   16.30,   58.86,   27.16,   23.99,   51.10,   51.28,   77.46,   69.76,  135.96,   39.55,   27.76,   63.84,   86.75,  302.19,  544.74,   13.04,   12.11,   27.73,   32.98,    7.18,   14.15,   15.10,    9.81,    6.94,   10.59,   11.66,  102.08,   53.85,   32.50,   14.90,   37.85,   33.02,   20.57,   67.53,   71.65,  104.55,   22.64,
   24.01,   21.63,   25.02,   70.19,   55.63,   68.75,   31.88,   86.14,   22.96,   37.59,   27.13,   10.56,   99.62,   16.30,   57.86,   27.20,   23.20,   50.85,   51.90,   76.85,   69.61,  136.53,   39.40,   27.76,   63.49,   85.69,  294.50,  544.74,   12.82,   11.96,   27.51,   32.70,    7.18,   14.08,   15.10,    9.68,    6.91,   10.35,   11.44,  102.93,   54.25,   33.69,   14.90,   37.99,   33.06,   20.25,   68.15,   70.96,  102.83,   22.45,
   23.79,   21.63,   25.37,   69.34,   55.23,   70.07,   30.86,   86.14,   23.07,   36.54,   27.67,   11.06,  100.81,   16.86,   58.11,   27.41,   23.74,   51.43,   52.10,   76.23,   70.41,  138.52,   40.69,   28.03,   63.84,   86.57,  300.65,  570.53,   12.97,   12.17,   27.65,   32.77,    7.17,   14.19,   15.10,    9.81,    6.97,   10.33,   11.58,  102.08,   54.89,   33.63,   15.15,   38.49,   32.91,   20.39,   69.33,   72.08,  105.41,   22.72,
   23.68,   21.39,   25.63,   67.42,   54.20,   68.06,   30.17,   83.35,   23.03,   35.91,   27.47,   11.14,  100.41,   16.55,   57.86,   27.55,   23.99,   51.51,   51.48,   78.52,   69.32,  141.37,   40.26,   27.58,   63.75,   86.13,  296.04,  556.83,   12.72,   12.14,   27.36,   32.59,    7.15,   14.23,   15.14,    9.77,    6.94,   10.17,   11.47,  102.93,   54.49,   34.01,   15.00,   37.22,   32.80,   20.02,   69.67,   71.31,  107.56,   22.61,
   23.97,   21.42,   26.37,   68.73,   55.63,   68.99,   31.20,   84.95,   23.22,   35.91,   27.53,   11.02,  102.40,   17.15,   58.36,   27.55,   24.34,   52.08,   52.17,   82.06,   69.40,  142.79,   40.84,   27.71,   64.11,   86.57,  302.57,  595.51,   13.07,   12.26,   27.76,   33.15,    7.22,   14.41,   15.28,    9.85,    7.06,   10.27,   11.69,  103.78,   54.81,   34.61,   14.60,   35.54,   33.02,   20.20,   70.36,   73.19,  107.56,   22.88,
   24.30,   21.42,   26.05,   68.34,   55.79,   68.99,   30.76,   83.35,   23.22,   35.54,   27.77,   11.06,  102.00,   17.27,   58.11,   27.09,   23.84,   51.92,   52.24,   80.73,   69.76,  142.22,   40.84,   27.58,   64.02,   86.22,  297.96,  594.70,   13.19,   12.32,   27.98,   33.40,    7.22,   14.27,   15.28,    9.72,    7.03,   10.30,   11.66,  102.93,   54.81,   34.66,   13.95,   35.81,   32.80,   20.43,   68.64,   74.13,  100.68,   22.61,
   24.77,   21.35,   26.27,   68.73,   55.63,   68.68,   31.71,   83.35,   23.40,   35.49,   27.37,   11.02,  103.19,   17.08,   57.36,   27.27,   23.84,   52.41,   52.03,   80.38,   69.11,  140.23,   40.62,   27.67,   64.64,   82.88,  302.19,  600.34,   13.10,   12.23,   27.84,   33.26,    7.16,   14.19,   15.28,    9.59,    6.97,   10.27,   11.66,  105.47,   54.65,   34.12,   13.80,   35.18,   32.98,   20.48,   67.95,   73.36,   93.79,   22.33,
   24.77,   21.46,   26.66,   69.57,   55.95,   68.91,   32.36,   84.15,   23.40,   35.80,   27.33,   11.37,  103.19,   17.30,   58.36,   27.09,   23.63,   52.41,   51.62,   80.47,   69.61,  141.37,   40.84,   27.94,   64.82,   83.58,  309.11,  609.21,   13.22,   12.29,   27.76,   33.33,    7.20,   14.27,   15.24,    9.64,    7.09,   10.49,   11.72,  107.59,   54.41,   33.20,   14.40,   36.31,   32.91,   20.62,   67.39,   73.10,   94.65,   22.61,
   24.63,   21.42,   26.95,   71.34,   57.70,   72.32,   34.18,   89.73,   23.59,   35.70,   27.30,   11.79,  103.98,   17.49,   58.36,   26.95,   23.45,   52.66,   51.14,   81.26,   72.44,  139.95,   40.55,   28.12,   65.62,   85.69,  304.49,  612.43,   13.44,   12.38,   28.31,   33.85,    7.24,   14.89,   15.42,    9.77,    7.09,   10.57,   11.81,  106.74,   54.65,   33.25,   14.35,   36.00,   32.98,   20.71,   67.39,   74.47,   95.94,   22.72,
   24.92,   21.29,   27.37,   72.57,   58.57,   73.48,   34.21,   93.32,   23.55,   35.12,   26.99,   11.60,  104.38,   16.96,   57.86,   26.91,   23.16,   51.92,   50.93,   78.88,   72.15,  135.96,   40.33,   27.53,   66.60,   83.93,  296.04,  623.71,   13.51,   12.35,   28.13,   33.95,    7.23,   15.30,   15.31,   10.24,    7.15,   10.57,   11.75,  107.17,   54.49,   32.34,   14.10,   35.50,   33.06,   20.71,   66.57,   73.96,   95.94,   22.64,
   24.77,   21.22,   27.30,   72.64,   59.21,   73.64,   33.29,   92.52,   23.81,   35.22,   27.13,   11.64,  102.79,   17.33,   57.36,   27.02,   23.49,   52.49,   50.59,   77.64,   72.88,  135.68,   39.76,   27.67,   68.29,   83.23,  294.11,  626.13,   13.54,   12.32,   28.20,   33.64,    7.20,   15.23,   15.24,   10.11,    7.09,   10.49,   11.66,  108.01,   54.65,   32.44,   14.15,   35.77,   33.06,   20.57,   66.50,   73.70,   96.80,   22.64,
   24.85,   21.32,   27.08,   72.18,   58.33,   73.79,   32.60,   90.93,   24.00,   35.33,   27.23,   11.64,  103.98,   17.52,   58.11,   27.13,   23.31,   52.66,   51.21,   79.76,   73.97,  142.79,   41.05,   27.39,   67.94,   83.23,  292.96,  628.55,   13.13,   12.32,   27.95,   33.60,    7.21,   15.12,   15.21,   10.07,    7.09,   10.43,   11.66,  106.74,   55.13,   32.50,   14.20,   35.90,   33.02,   20.52,   67.53,   73.19,   97.23,   22.61,
   24.55,   21.25,   26.92,   70.88,   57.78,   71.78,   33.29,   91.33,   23.81,   35.64,   27.23,   11.52,  103.19,   17.46,   57.61,   27.37,   22.91,   52.25,   51.55,   78.97,   73.24,  140.51,   40.84,   27.30,   66.96,   84.20,  293.73,  615.65,   13.16,   12.29,   28.17,   33.85,    7.24,   15.30,   15.17,   10.11,    7.06,   10.49,   11.58,  106.74,   54.81,   32.82,   14.05,   35.95,   32.87,   20.62,   68.77,   73.19,   95.51,   22.61,
   24.12,   20.78,   26.50,   68.80,   56.74,   70.07,   32.16,   88.93,   23.63,   35.43,   27.09,   11.18,  103.19,   17.11,   56.61,   26.95,   22.48,   51.67,   51.14,   78.17,   71.57,  140.80,   40.91,   26.85,   66.07,   83.06,  290.65,  615.65,   12.88,   11.99,   27.47,   33.08,    7.09,   14.64,   14.85,    9.90,    6.94,   10.35,   11.35,  105.05,   54.89,   32.66,   13.80,   35.41,   32.91,   20.20,   67.39,   71.91,   95.51,   21.98,
   23.43,   20.51,   26.66,   67.65,   56.51,   69.53,   30.72,   85.74,   23.44,   34.49,   27.03,   11.37,  103.19,   17.21,   55.87,   26.95,   22.52,   52.41,   51.28,   79.05,   70.99,  143.36,   40.98,   26.18,   66.25,   83.58,  292.19,  627.74,   12.69,   11.78,   27.29,   32.73,    7.02,   14.45,   14.57,    9.81,    6.76,   10.22,   11.12,  102.08,   54.01,   33.09,   13.65,   34.32,   32.31,   20.02,   67.26,   70.19,   95.94,   21.79,
   23.54,   20.47,   26.47,   69.50,   57.62,   71.31,   30.99,   86.94,   23.59,   34.91,   27.84,   11.44,  103.98,   17.37,   56.36,   27.34,   22.84,   52.90,   51.21,   81.17,   72.88,  143.64,   41.27,   26.31,   66.42,   84.90,  296.04,  642.24,   12.78,   11.87,   27.36,   32.94,    7.08,   14.41,   14.74,    9.81,    6.73,   10.19,   11.07,  102.51,   54.49,   33.52,   12.95,   35.59,   32.57,   20.07,   67.19,   72.76,   95.51,   21.98,
   23.39,   20.47,   26.08,   68.57,   56.58,   70.46,   31.61,   86.54,   23.51,   34.59,   27.74,   11.41,  103.19,   17.37,   56.11,   27.23,   22.55,   52.33,   50.59,   79.41,   72.51,  142.22,   41.48,   26.36,   66.25,   85.78,  294.50,  636.60,   12.63,   11.75,   27.03,   32.56,    6.98,   14.08,   14.28,    9.72,    6.73,   10.06,   10.98,  100.81,   54.33,   32.77,   12.80,   35.63,   32.09,   19.74,   66.15,   71.91,   95.94,   21.90,
   23.36,   20.71,   26.21,   69.65,   55.95,   70.54,   32.36,   87.34,   23.51,   35.01,   27.77,   11.25,  103.98,   17.52,   56.61,   27.37,   22.34,   51.92,   50.93,   78.26,   72.51,  141.08,   41.34,   26.27,   65.89,   84.55,  292.58,  647.08,   12.72,   11.75,   27.40,   32.56,    7.05,   13.97,   14.32,    9.72,    6.73,   10.11,   11.29,  103.78,   54.33,   32.39,   12.80,   35.63,   32.35,   19.93,   67.39,   72.25,   95.51,   21.94,
   23.17,   20.91,   26.40,   69.57,   55.79,   69.76,   31.82,   86.14,   23.59,   35.06,   27.74,   11.25,  105.17,   17.33,   56.86,   27.02,   22.41,   52.25,   50.93,   78.52,   72.15,  141.65,   41.05,   26.36,   66.96,   86.40,  294.11,  666.42,   12.72,   11.78,   27.22,   32.32,    6.99,   13.97,   14.42,    9.68,    6.70,   10.11,   11.29,  105.89,   55.77,   33.52,   12.95,   35.63,   32.20,   19.93,   67.39,   72.16,   95.94,   21.83,
   23.36,   20.95,   26.40,   69.11,   55.79,   69.76,   32.16,   88.93,   23.63,   35.01,   27.74,   11.52,  107.16,   18.06,   57.36,   27.62,   22.88,   52.33,   52.03,   80.03,   73.24,  143.93,   41.55,   27.08,   66.78,   87.98,  304.49,  705.90,   12.85,   11.93,   27.25,   32.49,    7.02,   14.01,   14.42,    9.72,    6.73,   10.14,   11.47,  105.47,   55.05,   34.39,   13.10,   35.86,   32.09,   19.97,   66.77,   71.99,   94.22,   21.87,
   22.99,   20.71,   26.43,   69.19,   55.39,   69.14,   31.95,   86.14,   23.55,   34.75,   27.16,   11.33,  104.38,   18.12,   56.36,   27.37,   22.52,   52.00,   52.24,   79.32,   72.22,  142.51,   41.91,   27.53,   66.69,   88.86,  306.80,  695.43,   12.78,   11.75,   27.11,   32.28,    6.98,   13.75,   14.35,    9.64,    6.64,    9.98,   11.38,  104.20,   54.33,   33.20,   13.60,   36.40,   32.05,   19.88,   66.77,   72.08,   93.79,   21.71,
   22.48,   20.57,   26.47,   69.50,   55.55,   69.45,   31.95,   86.94,   23.55,   34.80,   26.82,   11.21,  104.78,   17.93,   55.87,   27.20,   22.45,   51.84,   51.97,   79.14,   71.79,  147.06,   41.91,   27.26,   66.25,   87.19,  307.57,  666.42,   12.66,   11.87,   27.03,   32.04,    6.93,   13.67,   14.25,    9.59,    6.58,    9.98,   11.32,  103.35,   54.33,   33.42,   13.70,   35.81,   32.09,   19.74,   66.91,   72.93,   93.36,   21.79,
   22.85,   20.47,   26.40,   69.65,   54.92,   69.37,   31.06,   86.54,   23.59,   34.33,   26.89,   11.48,  105.57,   18.78,   55.87,   27.34,   22.70,   52.82,   52.10,   80.38,   72.88,  149.90,   43.06,   27.98,   65.98,   89.74,  305.26,  680.92,   13.04,   11.96,   27.22,   32.11,    6.95,   13.82,   14.60,    9.68,    6.61,   10.14,   11.55,  102.51,   54.17,   33.42,   13.90,   37.08,   32.09,   19.97,   67.19,   71.91,   92.93,   21.87,
   22.80,   20.51,   26.40,   69.65,   54.60,   69.22,   29.80,   86.54,   23.18,   34.28,   26.58,   11.41,  108.35,   18.62,   55.37,   27.20,   22.70,   52.82,   52.03,   83.03,   72.88,  157.01,   42.98,   27.48,   65.09,   91.94,  306.03,  673.67,   12.82,   11.81,   27.07,   32.07,    6.91,   13.67,   14.53,    9.59,    6.61,    9.93,   11.38,  100.81,   54.25,   33.42,   13.50,   36.49,   31.68,   19.70,   67.39,   71.82,   93.79,   21.79,
   22.88,   20.54,   26.79,   70.26,   54.04,   69.22,   30.65,   89.73,   23.25,   34.33,   26.69,   11.56,  108.35,   18.68,   54.87,   27.02,   22.52,   52.74,   52.45,   81.97,   72.51,  154.17,   43.20,   27.80,   65.53,   91.50,  303.72,  680.92,   12.88,   11.93,   27.22,   32.04,    7.02,   13.71,   14.57,    9.68,    6.64,    9.88,   11.52,  102.51,   54.57,   33.85,   13.35,   37.04,   32.02,   19.93,   68.29,   72.08,   93.36,   22.22,
   23.14,   20.47,   27.14,   69.65,   53.96,   69.99,   30.82,   87.74,   23.25,   34.28,   26.86,   11.56,  107.55,   19.75,   54.12,   26.77,   22.73,   52.00,   52.45,   79.50,   72.51,  149.90,   42.91,   27.53,   65.89,   91.06,  300.26,  680.92,   12.75,   11.81,   27.14,   32.04,    6.93,   13.79,   14.42,    9.64,    6.67,    9.77,   11.58,  104.20,   54.65,   33.42,   13.35,   37.85,   32.02,   19.74,   66.57,   72.25,   92.93,   21.87,
   23.76,   20.81,   27.11,   72.11,   55.15,   70.46,   32.19,   90.93,   23.25,   35.12,   27.70,   11.75,  111.92,   20.09,   55.12,   27.13,   23.06,   52.99,   52.65,   81.62,   73.97,  151.04,   42.77,   27.62,   66.07,   89.74,  301.03,  693.01,   13.63,   12.62,   27.76,   33.01,    7.16,   14.64,   15.14,   10.24,    6.94,   10.14,   12.37,  105.89,   54.73,   33.25,   13.45,   38.03,   31.98,   21.03,   66.57,   73.28,   93.79,   22.33,
   23.84,   21.05,   27.33,   72.18,   55.23,   70.85,   32.29,   91.73,   23.37,   35.28,   27.98,   12.32,  113.11,   20.22,   54.37,   27.80,   23.56,   54.30,   53.20,   83.03,   73.24,  153.31,   43.56,   27.26,   66.16,   88.42,  303.72,  718.80,   14.07,   13.22,   27.80,   32.91,    7.21,   14.97,   15.31,   10.42,    7.06,   10.17,   12.94,  108.44,   54.41,   32.66,   13.50,   37.81,   32.05,   20.98,   68.43,   74.47,   93.79,   22.49,
   23.65,   20.88,   26.85,   72.03,   55.39,   71.54,   31.58,   90.53,   23.37,   34.85,   27.67,   12.55,  111.52,   20.03,   56.11,   27.97,   23.88,   56.02,   53.34,   83.91,   75.05,  152.46,   44.27,   27.08,   65.71,   90.62,  324.87,  711.55,   14.14,   13.19,   27.65,   32.73,    7.17,   15.00,   15.06,   10.20,    6.97,   10.33,   13.05,  108.01,   54.17,   31.69,   14.40,   36.67,   31.98,   20.80,   69.33,   74.47,   93.36,   22.33,
   23.62,   21.29,   27.27,   72.95,   56.19,   72.16,   33.53,   91.73,   23.51,   35.17,   27.37,   12.55,  109.54,   20.09,   56.36,   28.01,   23.81,   56.19,   52.93,   84.62,   76.87,  162.99,   44.49,   27.39,   65.44,   89.30,  325.64,  709.93,   14.77,   13.64,   28.06,   33.19,    7.25,   15.41,   15.28,   10.46,    7.15,   10.49,   13.82,  112.25,   54.41,   32.82,   14.15,   36.95,   31.98,   21.17,   68.91,   76.19,   94.65,   22.61,
   24.35,   21.63,   27.53,   73.18,   56.35,   72.24,   32.57,   91.33,   23.55,   35.17,   27.06,   12.44,  110.33,   19.72,   56.61,   28.22,   23.88,   55.78,   53.48,   84.80,   76.14,  159.86,   44.63,   27.76,   65.44,   87.89,  322.56,  697.85,   14.86,   13.61,   28.13,   33.33,    7.23,   15.71,   15.31,   10.42,    7.15,   10.38,   13.79,  114.37,   54.17,   32.77,   14.30,   36.72,   31.94,   21.21,   68.98,   77.21,   95.08,   22.61,
   24.76,   21.76,   28.07,   73.49,   56.19,   72.24,   32.40,   89.33,   23.59,   35.22,   27.33,   12.32,  111.52,   19.94,   56.36,   28.54,   24.85,   55.78,   53.34,   86.65,   74.69,  159.29,   43.70,   27.80,   65.62,   86.84,  326.02,  705.90,   14.70,   13.43,   27.95,   32.84,    7.17,   15.34,   15.17,   10.42,    7.12,   10.43,   13.62,  112.25,   54.73,   32.44,   13.80,   36.63,   31.72,   20.89,   68.29,   76.79,   95.51,   22.57,
   24.46,   21.73,   27.75,   73.11,   56.66,   72.78,   31.92,   86.94,   23.81,   35.22,   27.33,   12.78,  110.33,   20.56,   56.61,   28.26,   25.88,   57.42,   53.89,   85.77,   75.78,  158.15,   45.49,   27.12,   65.80,   87.98,  327.56,  701.88,   14.67,   13.46,   27.47,   32.77,    7.21,   15.52,   15.31,   10.42,    7.12,   10.51,   13.54,  112.67,   54.97,   32.88,   14.05,   34.68,   31.64,   21.03,   68.98,   77.90,   97.66,   22.49,
   24.46,   21.56,   27.43,   71.42,   56.27,   72.40,   32.02,   86.14,   23.77,   35.01,   27.30,   12.48,  109.54,   20.47,   56.61,   27.66,   26.03,   57.17,   54.71,   84.35,   76.14,  160.99,   44.99,   27.17,   65.44,   87.45,  321.41,  722.83,   14.74,   13.40,   27.22,   32.66,    7.16,   15.19,   15.39,   10.33,    7.18,   10.49,   13.40,  112.67,   54.49,   33.36,   14.75,   35.09,   31.64,   20.94,   68.70,   76.61,   96.80,   22.37,
   24.35,   21.66,   27.56,   71.88,   55.79,   72.63,   32.02,   85.35,   23.63,   35.06,   27.23,   12.40,  108.35,   20.69,   56.11,   27.55,   25.42,   56.92,   56.36,   84.44,   75.42,  161.85,   44.78,   27.98,   65.09,   88.86,  329.10,  725.24,   14.67,   13.43,   27.29,   32.63,    7.16,   15.19,   15.31,   10.37,    7.12,   10.38,   13.59,  112.25,   54.01,   33.09,   14.55,   35.27,   31.16,   21.12,   68.64,   75.93,   98.09,   22.33,
   24.13,   21.35,   27.69,   72.34,   55.95,   73.33,   32.33,   87.34,   23.74,   34.96,   27.06,   12.29,  108.35,   20.44,   57.36,   27.73,   24.99,   56.60,   55.75,   84.97,   80.49,  158.43,   45.28,   27.67,   64.55,   90.62,  331.41,  732.50,   14.55,   13.37,   27.29,   32.35,    7.13,   14.97,   15.14,   10.33,    7.18,   10.41,   13.48,  112.67,   54.33,   32.77,   14.60,   34.68,   30.97,   20.89,   68.50,   77.30,   96.37,   22.57,
   24.35,   21.25,   27.75,   73.72,   57.14,   75.57,   32.64,   87.74,   23.85,   34.80,   26.79,   12.44,  109.94,   20.75,   57.36,   27.41,   25.31,   57.42,   54.92,   84.53,   80.85,  157.87,   44.56,   27.98,   64.11,   88.86,  328.33,  727.66,   14.74,   13.46,   27.40,   32.35,    7.32,   15.15,   15.03,   10.42,    7.18,   10.38,   13.79,  110.98,   54.09,   32.98,   14.20,   34.73,   31.09,   21.08,   67.05,   77.90,   95.94,   22.64,
   24.13,   21.46,   27.43,   73.72,   56.74,   75.42,   33.05,   86.94,   23.85,   34.80,   26.48,   12.55,  109.14,   21.44,   57.86,   27.44,   25.56,   58.40,   54.30,   81.79,   83.39,  156.16,   44.78,   28.34,   64.91,   88.86,  324.10,  719.60,   14.64,   13.46,   27.33,   32.14,    7.70,   15.12,   15.06,   10.42,    7.33,   10.49,   13.65,  109.71,   54.25,   32.77,   13.95,   35.18,   30.90,   21.08,   68.08,   77.30,   96.37,   22.64,
   24.35,   21.59,   27.17,   74.72,   56.74,   75.50,   32.84,   88.54,   24.03,   35.28,   26.82,   12.78,  107.55,   22.26,   57.36,   27.13,   25.71,   59.79,   54.51,   79.67,   84.48,  161.28,   44.85,   27.98,   66.33,   87.10,  332.18,  702.68,   14.89,   13.70,   27.40,   32.28,    7.76,   15.19,   15.21,   10.42,    7.36,   10.83,   14.10,  110.13,   54.65,   32.34,   14.00,   35.32,   31.23,   21.35,   67.95,   78.15,   96.37,   22.53,
   24.09,   21.63,   27.04,   74.18,   56.43,   74.41,   32.57,   87.74,   24.26,   35.01,   27.13,   12.59,  107.16,   20.81,   57.11,   27.27,   24.95,   58.40,   55.06,   80.38,   85.57,  158.15,   44.06,   27.58,   65.89,   87.89,  330.64,  697.04,   14.70,   13.64,   27.47,   32.42,    7.63,   15.08,   15.21,   10.33,    7.36,   10.97,   14.08,  111.40,   54.73,   32.23,   14.00,   35.00,   31.27,   21.26,   68.29,   77.90,   97.23,   22.26,
   24.21,   21.69,   27.66,   73.80,   56.82,   74.10,   33.63,   87.34,   24.44,   35.01,   27.09,   12.59,  107.55,   21.06,   57.61,   27.30,   24.95,   58.48,   54.92,   80.38,   85.93,  157.87,   44.42,   27.67,   66.07,   87.72,  333.71,  707.52,   14.67,   13.61,   27.54,   32.84,    7.94,   15.26,   15.35,   10.50,    7.42,   11.02,   14.13,  111.82,   54.65,   32.12,   14.10,   35.41,   31.27,   21.31,   67.95,   78.75,   99.38,   22.37,
   24.21,   21.86,   27.62,   73.87,   56.58,   74.10,   33.46,   87.74,   24.40,   34.91,   27.23,   12.52,  108.35,   20.72,   57.86,   27.48,   24.92,   58.40,   54.58,   81.35,   86.29,  158.72,   44.63,   27.48,   66.25,   91.50,  329.48,  736.53,   14.61,   13.64,   27.73,   32.77,    7.94,   15.30,   15.46,   10.64,    7.48,   10.94,   14.05,  112.25,   54.57,   32.55,   14.35,   35.09,   31.49,   21.35,   68.64,   78.84,   97.66,   22.41,
   24.65,   22.27,   27.62,   74.26,   56.82,   74.88,   33.32,   87.74,   24.29,   34.85,   27.16,   12.48,  110.73,   20.85,   58.86,   27.55,   24.81,   58.24,   54.51,   82.06,   87.38,  159.57,   44.42,   27.62,   66.42,   90.62,  331.79,  736.53,   14.52,   13.58,   27.65,   33.12,    7.94,   15.37,   15.78,   10.68,    7.51,   10.94,   13.79,  113.10,   54.65,   32.39,   14.50,   35.14,   31.49,   21.31,   68.50,   80.98,   96.37,   22.45,
   24.17,   22.07,   27.53,   73.95,   56.74,   75.03,   32.94,   87.34,   24.33,   34.75,   27.20,   12.44,  109.94,   20.59,   58.36,   27.69,   24.52,   58.07,   53.96,   81.88,   87.02,  157.58,   44.27,   27.58,   66.60,   89.74,  325.64,  725.24,   14.61,   13.61,   27.65,   33.29,    8.14,   15.19,   15.56,   11.03,    7.48,   10.75,   13.79,  111.82,   54.65,   32.23,   14.15,   35.09,   31.49,   21.31,   68.01,   80.47,   96.80,   22.57,
   23.91,   21.96,   27.43,   73.95,   57.22,   75.11,   33.53,   88.14,   24.44,   34.54,   27.23,   12.44,  110.73,   20.59,   58.36,   27.58,   24.77,   57.99,   53.61,   81.09,   87.02,  157.30,   43.99,   27.35,   66.78,   90.18,  317.57,  725.24,   14.96,   13.82,   28.20,   33.95,    8.69,   15.60,   15.88,   11.63,    7.72,   11.05,   14.19,  112.67,   54.81,   32.44,   14.05,   34.77,   31.68,   21.81,   67.05,   83.03,   95.51,   22.57,
   23.80,   21.83,   27.56,   74.26,   57.14,   75.50,   33.15,   87.34,   24.40,   34.33,   27.30,   12.40,  111.52,   20.22,   58.36,   27.62,   24.77,   58.15,   53.55,   80.20,   84.48,  158.15,   44.13,   27.39,   66.60,   90.62,  318.33,  719.60,   14.99,   13.85,   27.98,   33.67,    8.97,   15.52,   15.78,   11.33,    7.72,   11.05,   14.13,  113.10,   55.05,   32.71,   14.30,   35.18,   31.61,   21.67,   66.70,   82.61,   96.37,   22.57,
   23.95,   21.79,   27.56,   74.18,   57.06,   75.50,   33.18,   86.14,   24.37,   34.38,   27.23,   12.29,  112.71,   19.87,   57.61,   27.37,   24.42,   57.91,   54.10,   80.47,   82.30,  155.02,   44.27,   27.21,   66.25,   92.82,  315.26,  709.13,   16.03,   14.81,   28.27,   34.13,    9.56,   16.04,   16.17,   11.72,    7.93,   11.42,   15.10,  113.10,   55.21,   32.01,   14.10,   35.36,   31.53,   22.91,   66.29,   83.03,   94.65,   22.49,
   23.95,   21.83,   27.59,   74.56,   56.98,   75.88,   33.46,   87.34,   24.48,   34.22,   27.37,   12.36,  113.51,   20.25,   58.36,   27.27,   24.49,   57.91,   53.61,   80.38,   84.48,  155.31,   44.13,   27.35,   65.98,   93.70,  313.34,  723.63,   16.28,   14.54,   28.42,   34.09,    9.59,   15.97,   15.85,   11.63,    7.93,   11.29,   15.01,  113.52,   55.93,   32.01,   14.00,   36.40,   31.27,   22.82,   67.53,   84.32,   95.08,   22.57,
   24.21,   21.86,   27.85,   74.87,   57.78,   76.12,   33.80,   86.94,   24.85,   34.22,   27.23,   12.48,  113.11,   21.16,   58.61,   27.30,   25.06,   58.24,   54.10,   79.58,   84.84,  157.58,   43.84,   27.35,   65.98,   93.70,  321.03,  725.24,   16.31,   14.60,   29.19,   35.97,   10.11,   16.11,   15.99,   12.15,    8.08,   11.39,   15.24,  113.94,   55.77,   32.12,   13.95,   36.49,   31.49,   23.23,   66.91,   84.66,   93.36,   21.01,
